Unit Name,Lease Start,Lease End,Previous Lease Start,Previous Lease End,Previous Rent,Rent,Percent Difference,Dollar Difference,Status,Term,Tenant Transfer,Term_Days,Is_Month_To_Month,row_id,tenant_id,current_past_due,current_late_count,ever_conditions_applied,ever_overridden,screening_count,avg_satisfaction,resolved_rate,timely_rate,survey_count,work_order_count,avg_work_order_amount,resident_requested_count,Unit Type,bedrooms,bathrooms,sqft
1803,2020-01-02,2022-01-26,2019-01-30,2020-04-26,1195.0,1995.0,66.95,800.0,Renewed,24 mo 25 day,Yes,745.0,False,0,T0001,,,True,True,3.0,,,,,24.0,0.0,0.0,Unit Type 12,2.0,1.0,925.0
1403,2020-02-27,2021-02-26,,,,2395.0,,,Did Not Renew,12 month,No,360.0,False,1,T0002,,,True,True,3.0,,,,,12.0,0.0,0.0,Unit Type 16,2.0,1.0,976.0
1805,2020-02-27,2021-02-26,,,,1620.0,,,Did Not Renew,12 month,No,360.0,False,2,T0003,,,True,True,3.0,,,,,23.0,0.0,0.0,Unit Type 15,2.0,1.0,975.0
1805,2020-02-27,,,,,1620.0,,,Did Not Renew,Month To Month,No,,True,3,T0003,,,True,True,3.0,,,,,23.0,0.0,0.0,Unit Type 15,2.0,1.0,975.0
1805,2020-02-27,2021-02-26,,,,1620.0,,,Did Not Renew,12 month,No,360.0,False,4,T0003,,,True,True,3.0,,,,,23.0,0.0,0.0,Unit Type 15,2.0,1.0,975.0
1805,2020-02-27,2020-08-26,,,,1620.0,,,Did Not Renew,6 month,No,180.0,False,5,T0003,,,True,True,3.0,,,,,23.0,0.0,0.0,Unit Type 15,2.0,1.0,975.0
1805,2020-02-27,2020-08-26,2019-02-26,2020-02-26,1565.0,1620.0,3.51,55.0,Renewed,6 month,No,180.0,False,6,T0003,,,True,True,3.0,,,,,23.0,0.0,0.0,Unit Type 15,2.0,1.0,975.0
2007,2020-02-27,2020-08-26,2019-02-22,2020-02-26,1175.0,1275.0,8.51,100.0,Renewed,6 month,No,180.0,False,7,T0004,,,True,True,3.0,5.0,1.0,1.0,2.0,12.0,0.0,0.0,Unit Type 5,1.0,1.0,620.0
2307,2020-02-27,2021-02-26,,,,1325.0,,,Did Not Renew,12 month,No,360.0,False,8,T0005,,,True,True,3.0,2.0,0.0,0.0,2.0,28.0,0.0,0.0,Unit Type 5,1.0,1.0,620.0
2307,2020-02-27,2020-08-26,2019-02-26,2020-02-26,1285.0,1325.0,3.11,40.0,Renewed,6 month,No,180.0,False,9,T0005,,,True,True,3.0,2.0,0.0,0.0,2.0,28.0,0.0,0.0,Unit Type 5,1.0,1.0,620.0
1403,2020-03-16,2023-01-26,2020-03-16,2021-01-26,0.0,0.0,,0.0,Renewed,34 mo 11 day,Yes,1031.0,False,10,T0006,,,True,True,3.0,,,,,18.0,0.0,0.0,Unit Type 16,2.0,1.0,976.0
1806,2020-03-27,2021-03-26,,,,1945.0,,,Did Not Renew,12 month,No,360.0,False,11,T0007,0.0,0.0,True,True,4.0,,,,,37.0,0.0,0.0,Unit Type 13,2.0,1.0,925.0
2001,2020-03-27,2021-03-26,2019-04-01,2020-03-26,1225.0,1250.0,2.04,25.0,Renewed,12 month,No,360.0,False,12,T0008,,,True,False,2.0,5.0,1.0,1.0,1.0,23.0,0.0,0.0,Unit Type 1,1.0,1.0,580.0
2407,2020-03-27,2021-03-26,2018-12-27,2020-03-26,1195.0,1295.0,8.37,100.0,Renewed,12 month,No,360.0,False,13,T0009,,,True,False,3.0,5.0,1.0,1.0,2.0,13.0,0.0,0.0,Unit Type 5,1.0,1.0,620.0
1802,2020-04-01,,2020-04-01,2021-03-26,0.0,0.0,,0.0,Renewed,Month To Month,Yes,,True,14,T0008,,,True,False,2.0,5.0,1.0,1.0,1.0,23.0,0.0,0.0,Unit Type 5,1.0,1.0,620.0
1702,2020-04-27,2021-04-26,2019-05-01,2020-04-26,1255.0,1300.0,3.59,45.0,Renewed,12 month,No,360.0,False,15,T0010,,,False,True,3.0,,,,,4.0,0.0,0.0,Unit Type 5,1.0,1.0,620.0
1907,2020-04-27,2021-04-26,2019-05-01,2020-04-26,1265.0,1325.0,4.74,60.0,Renewed,12 month,No,360.0,False,16,T0011,0.0,0.0,True,True,3.0,,,,,1.0,0.0,0.0,Unit Type 5,1.0,1.0,620.0
2306,2020-04-27,2021-04-26,2019-01-30,2020-04-26,1825.0,1875.0,2.74,50.0,Renewed,12 month,No,360.0,False,17,T0012,,,False,False,2.0,4.5,1.0,0.75,4.0,12.0,0.0,0.0,Unit Type 13,2.0,1.0,925.0
2501,2020-04-27,2021-04-26,,,,1460.0,,,Did Not Renew,12 month,No,360.0,False,18,T0013,,,False,False,2.0,,,,,17.0,0.0,0.0,Unit Type 1,1.0,1.0,580.0
2501,2020-04-27,2020-11-26,2019-08-13,2020-04-26,1445.0,1445.0,0.0,0.0,Renewed,7 month,No,210.0,False,19,T0013,,,False,False,2.0,,,,,17.0,0.0,0.0,Unit Type 1,1.0,1.0,580.0
2305,2020-05-01,2021-06-26,2020-05-01,2021-06-26,0.0,0.0,,0.0,Renewed,13 mo 26 day,Yes,416.0,False,20,T0014,,,False,False,2.0,5.0,1.0,1.0,1.0,13.0,0.0,0.0,Unit Type 15,2.0,1.0,975.0
1903,2020-05-27,2021-05-26,2019-06-11,2020-05-26,2005.0,2005.0,0.0,0.0,Renewed,12 month,No,360.0,False,21,T0015,0.0,2.0,False,False,3.0,1.0,0.0,0.0,1.0,9.0,0.0,0.0,Unit Type 12,2.0,1.0,925.0
2106,2020-05-27,2021-05-26,2019-06-01,2020-05-26,2085.0,2120.0,1.68,35.0,Renewed,12 month,No,360.0,False,22,T0016,,,True,True,3.0,5.0,1.0,1.0,1.0,10.0,0.0,0.0,Unit Type 13,2.0,1.0,925.0
2205,2020-05-27,2021-05-26,2019-05-11,2020-05-26,1745.0,1780.0,2.01,35.0,Renewed,12 month,No,360.0,False,23,T0017,,,False,True,3.0,,,,,14.0,0.0,0.0,Unit Type 15,2.0,1.0,975.0
2403,2020-05-27,2021-05-26,2019-03-01,2020-05-26,1995.0,2080.0,4.26,85.0,Renewed,12 month,No,360.0,False,24,T0018,,,True,True,3.0,,,,,6.0,0.0,0.0,Unit Type 12,2.0,1.0,925.0
1806,2020-06-01,2021-05-26,2020-05-31,2021-05-26,1500.0,0.0,-100.0,-1500.0,Renewed,11 mo 26 day,Yes,356.0,False,25,T0019,,,True,True,3.0,,,,,5.0,0.0,0.0,Unit Type 13,2.0,1.0,925.0
2401,2020-06-27,2021-06-26,2019-06-17,2020-06-26,1385.0,1395.0,0.72,10.0,Renewed,12 month,No,360.0,False,26,T0020,,,True,True,2.0,5.0,1.0,1.0,1.0,10.0,0.0,0.0,Unit Type 1,1.0,1.0,580.0
1706,2020-07-27,2021-07-26,2018-08-01,2020-07-26,2120.0,2130.0,0.47,10.0,Renewed,12 month,No,360.0,False,27,T0021,,,False,False,3.0,,,,,45.0,0.0,0.0,Unit Type 13,2.0,1.0,925.0
1801,2020-07-27,2021-07-26,,,,1360.0,,,Did Not Renew,12 month,No,360.0,False,28,T0022,,,True,True,4.0,5.0,1.0,1.0,1.0,20.0,0.0,0.0,Unit Type 1,1.0,1.0,580.0
1901,2020-07-27,2021-07-26,,,,1290.0,,,Did Not Renew,12 month,No,360.0,False,29,T0023,,,True,True,2.0,,,,,21.0,0.0,0.0,Unit Type 1,1.0,1.0,580.0
2101,2020-07-27,2021-07-26,2019-08-01,2020-07-26,1345.0,1350.0,0.37,5.0,Renewed,12 month,No,360.0,False,30,T0024,,,True,True,4.0,,,,,16.0,0.0,0.0,Unit Type 1,1.0,1.0,580.0
2506,2020-07-27,2021-07-26,2019-08-01,2020-07-26,2145.0,2150.0,0.23,5.0,Renewed,12 month,No,360.0,False,31,T0025,,,True,True,3.0,,,,,6.0,0.0,0.0,Unit Type 13,2.0,1.0,925.0
2405,2020-08-01,2021-07-31,2019-08-23,2020-07-31,1745.0,1745.0,0.0,0.0,Renewed,12 month,No,360.0,False,32,T0026,,,True,True,3.0,,,,,7.0,0.0,0.0,Unit Type 15,2.0,1.0,975.0
1605,2020-08-03,2021-08-26,2020-08-03,2021-07-26,1630.0,0.0,-100.0,-1630.0,Renewed,12 mo 24 day,Yes,384.0,False,33,T0027,,,False,False,3.0,,,,,12.0,0.0,0.0,Unit Type 15,2.0,1.0,975.0
1703,2020-08-03,2026-08-26,2020-08-03,2021-07-26,0.0,2200.0,,2200.0,Renewed,72 mo 24 day,Yes,2184.0,False,34,T0028,10.88,9.0,True,True,3.0,,,,,12.0,0.0,0.0,Unit Type 12,2.0,1.0,925.0
1402,2020-08-27,2021-08-26,2019-08-16,2020-08-26,1775.0,1800.0,1.41,25.0,Renewed,12 month,No,360.0,False,35,T0029,,,True,True,3.0,1.0,0.0,0.0,1.0,12.0,0.0,0.0,Unit Type 9,2.0,1.0,775.0
1406,2020-08-27,2021-08-26,2019-08-27,2020-08-26,2295.0,2300.0,0.22,5.0,Renewed,12 month,No,360.0,False,36,T0030,11.48,0.0,True,True,3.0,,,,,25.0,0.0,0.0,Unit Type 16,2.0,1.0,976.0
1804,2020-08-27,2021-08-26,2019-08-09,2020-08-26,1745.0,1750.0,0.29,5.0,Renewed,12 month,No,360.0,False,37,T0031,11.47,0.0,False,False,3.0,5.0,1.0,1.0,1.0,5.0,0.0,0.0,Unit Type 15,2.0,1.0,975.0
2405,2020-09-03,2022-05-05,2020-01-10,2021-12-26,0.0,1765.0,,1765.0,Renewed,20 mo 3 day,Yes,603.0,False,38,T0032,,,True,True,3.0,,,,,5.0,0.0,0.0,Unit Type 15,2.0,1.0,975.0
1807,2020-10-01,,2020-10-01,2021-04-26,0.0,0.0,,0.0,Renewed,Month To Month,Yes,,True,39,T0033,,,True,True,3.0,,,,,15.0,0.0,0.0,Unit Type 5,1.0,1.0,620.0
1902,2020-10-01,2021-10-10,2019-11-01,2020-10-26,0.0,1455.0,,1455.0,Renewed,12 mo 10 day,Yes,370.0,False,40,T0034,,,True,True,3.0,,,,,13.0,0.0,0.0,Unit Type 5,1.0,1.0,620.0
2106,2020-10-26,2023-10-26,2020-10-26,2021-10-26,0.0,0.0,,0.0,Renewed,36 mo 1 day,Yes,1081.0,False,41,T0035,,,True,True,3.0,,,,,4.0,0.0,0.0,Unit Type 13,2.0,1.0,925.0
1404,2020-10-27,2022-10-26,2017-11-15,2020-10-26,0.0,2275.35,,2275.35,Renewed,24 month,No,720.0,False,42,T0036,0.0,7.0,True,True,2.0,3.6666666666666665,0.6666666666666666,0.6666666666666666,3.0,34.0,0.0,0.0,Unit Type 14,2.0,1.0,926.0
2501,2020-11-27,2021-05-26,2020-04-27,2020-11-26,1445.0,1450.0,0.35,5.0,Renewed,6 month,No,180.0,False,43,T0013,,,False,False,2.0,,,,,17.0,0.0,0.0,Unit Type 1,1.0,1.0,580.0
2104,2020-12-27,2021-12-26,2019-12-27,2020-12-26,1790.0,1795.0,0.28,5.0,Renewed,12 month,No,360.0,False,44,T0037,,,True,True,3.0,,,,,5.0,0.0,0.0,Unit Type 15,2.0,1.0,975.0
2207,2020-12-27,2021-12-26,2019-10-03,2020-12-26,1205.0,1300.0,7.88,95.0,Renewed,12 month,No,360.0,False,45,T0038,,,,,,,,,,6.0,0.0,0.0,Unit Type 5,1.0,1.0,620.0
2406,2020-12-27,2021-12-26,,,,2120.0,,,Did Not Renew,12 month,No,360.0,False,46,T0039,,,True,True,3.0,,,,,11.0,0.0,0.0,Unit Type 13,2.0,1.0,925.0
1403,2021-01-27,2022-01-26,2020-03-16,2021-01-26,2220.0,2235.0,0.68,15.0,Renewed,12 month,No,360.0,False,47,T0006,,,True,True,3.0,,,,,19.0,0.0,0.0,Unit Type 16,2.0,1.0,976.0
1504,2021-01-27,2022-01-26,,,,1810.0,,,Did Not Renew,12 month,No,360.0,False,48,T0040,,,False,False,3.0,,,,,9.0,0.0,0.0,Unit Type 15,2.0,1.0,975.0
2402,2021-01-27,2022-01-26,,,,1475.0,,,Did Not Renew,12 month,No,360.0,False,49,T0041,,,False,False,3.0,,,,,7.0,0.0,0.0,Unit Type 5,1.0,1.0,620.0
1706,2021-02-01,2021-07-26,2020-08-01,2021-07-26,1880.0,0.0,-100.0,-1880.0,Renewed,5 mo 26 day,Yes,176.0,False,50,T0042,,,True,True,3.0,,,,,20.0,0.0,0.0,Unit Type 13,2.0,1.0,925.0
1707,2021-02-01,2022-01-26,2021-02-01,2022-01-26,1995.0,0.0,-100.0,-1995.0,Renewed,11 mo 26 day,Yes,356.0,False,51,T0001,,,True,True,3.0,,,,,31.0,0.0,0.0,Unit Type 5,1.0,1.0,620.0
2303,2021-02-27,2022-02-26,,,,1850.0,,,Did Not Renew,12 month,No,360.0,False,52,T0043,,,True,True,4.0,5.0,1.0,1.0,1.0,6.0,0.0,0.0,Unit Type 12,2.0,1.0,925.0
1405,2021-03-27,2022-03-26,2020-04-01,2021-03-26,2170.0,2175.0,0.23,5.0,Renewed,12 month,No,360.0,False,53,T0044,,,True,True,4.0,5.0,1.0,1.0,5.0,18.0,0.0,0.0,Unit Type 14,2.0,1.0,926.0
1505,2021-03-27,2022-03-26,2020-04-01,2021-03-26,1670.0,1670.0,0.0,0.0,Renewed,12 month,No,360.0,False,54,T0045,11.47,0.0,True,True,3.0,5.0,1.0,1.0,1.0,16.0,0.0,0.0,Unit Type 15,2.0,1.0,975.0
1601,2021-03-27,2022-03-26,,,,1295.0,,,Did Not Renew,12 month,No,360.0,False,55,T0046,,,True,True,3.0,,,,,4.0,0.0,0.0,Unit Type 1,1.0,1.0,580.0
2105,2021-03-27,2022-03-26,2020-03-07,2021-03-26,1650.0,1700.0,3.03,50.0,Renewed,12 month,No,360.0,False,56,T0047,,,True,True,3.0,,,,,5.0,0.0,0.0,Unit Type 15,2.0,1.0,975.0
2504,2021-03-27,2022-03-26,,,,1770.0,,,Did Not Renew,12 month,No,360.0,False,57,T0048,,,False,True,3.0,,,,,26.0,0.0,0.0,Unit Type 15,2.0,1.0,975.0
1604,2021-04-27,2022-04-26,,,,1600.0,,,Did Not Renew,12 month,No,360.0,False,58,T0049,,,False,True,3.0,5.0,1.0,1.0,3.0,17.0,0.0,0.0,Unit Type 15,2.0,1.0,975.0
1906,2021-04-27,2022-04-26,2020-05-01,2021-04-26,1870.0,1895.0,1.34,25.0,Renewed,12 month,No,360.0,False,59,T0050,,,True,True,3.0,,,,,8.0,0.0,0.0,Unit Type 13,2.0,1.0,925.0
2005,2021-04-27,2022-04-26,,,,1695.0,,,Did Not Renew,12 month,No,360.0,False,60,T0051,7.3,2.0,True,True,3.0,,,,,2.0,0.0,0.0,Unit Type 15,2.0,1.0,975.0
2103,2021-04-27,2022-04-26,2020-05-01,2021-04-26,1820.0,1845.0,1.37,25.0,Renewed,12 month,No,360.0,False,61,T0052,,,False,True,3.0,5.0,1.0,1.0,2.0,12.0,0.0,0.0,Unit Type 12,2.0,1.0,925.0
2306,2021-04-27,2022-04-26,2020-04-27,2021-04-26,1925.0,1950.0,1.3,25.0,Renewed,12 month,No,360.0,False,62,T0012,,,False,False,2.0,4.5,0.8333333333333334,0.8333333333333334,6.0,15.0,0.0,0.0,Unit Type 13,2.0,1.0,925.0
2505,2021-04-27,2022-04-26,2020-04-09,2021-04-26,1700.0,1800.0,5.88,100.0,Renewed,12 month,No,360.0,False,63,T0053,,,True,True,2.0,,,,,6.0,0.0,0.0,Unit Type 15,2.0,1.0,975.0
2006,2021-05-01,2024-02-26,2021-05-01,2022-04-26,1950.0,0.0,-100.0,-1950.0,Renewed,33 mo 26 day,Yes,1016.0,False,64,T0054,,,True,True,3.0,,,,,2.0,0.0,0.0,Unit Type 13,2.0,1.0,925.0
1705,2021-05-27,2022-05-26,2020-06-27,2021-05-26,1630.0,1650.0,1.23,20.0,Renewed,12 month,No,360.0,False,65,T0055,,,True,True,3.0,,,,,17.0,0.0,0.0,Unit Type 15,2.0,1.0,975.0
1903,2021-05-27,2022-05-26,2020-05-27,2021-05-26,2005.0,2010.0,0.25,5.0,Renewed,12 month,No,360.0,False,66,T0015,0.0,2.0,False,False,3.0,1.0,0.0,0.0,1.0,12.0,0.0,0.0,Unit Type 12,2.0,1.0,925.0
2002,2021-05-27,2022-05-26,2020-06-01,2021-05-26,1500.0,1505.0,0.33,5.0,Renewed,12 month,No,360.0,False,67,T0056,,,True,True,3.0,,,,,1.0,0.0,0.0,Unit Type 5,1.0,1.0,620.0
2301,2021-05-27,2022-05-26,,,,1315.0,,,Did Not Renew,12 month,No,360.0,False,68,T0057,,,True,False,3.0,,,,,11.0,0.0,0.0,Unit Type 1,1.0,1.0,580.0
2404,2021-05-27,2022-05-26,2020-05-15,2021-05-26,1670.0,1680.0,0.6,10.0,Renewed,12 month,No,360.0,False,69,T0058,9.12,0.0,True,True,3.0,5.0,1.0,1.0,1.0,5.0,0.0,0.0,Unit Type 15,2.0,1.0,975.0
2501,2021-05-27,2022-05-26,2020-11-27,2021-05-26,0.0,1455.0,,1455.0,Renewed,12 month,No,360.0,False,70,T0013,,,False,False,2.0,,,,,18.0,0.0,0.0,Unit Type 1,1.0,1.0,580.0
1502,2021-06-27,2022-07-26,2020-06-27,2021-06-26,1400.0,1405.0,0.36,5.0,Renewed,13 month,No,390.0,False,71,T0059,,,True,True,3.0,,,,,9.0,0.0,0.0,Unit Type 5,1.0,1.0,620.0
2001,2021-06-27,2022-06-26,2020-06-20,2021-06-26,1280.0,1290.0,0.78,10.0,Renewed,12 month,No,360.0,False,72,T0060,,,True,True,3.0,5.0,1.0,1.0,3.0,7.0,0.0,0.0,Unit Type 1,1.0,1.0,580.0
2304,2021-06-27,2022-06-26,2021-01-12,2021-06-26,1660.0,1675.0,0.9,15.0,Renewed,12 month,No,360.0,False,73,T0061,,,True,True,3.0,,,,,6.0,0.0,0.0,Unit Type 15,2.0,1.0,975.0
2507,2021-06-27,2022-06-26,,,,1480.0,,,Did Not Renew,12 month,No,360.0,False,74,T0062,,,True,True,3.0,,,,,6.0,0.0,0.0,Unit Type 5,1.0,1.0,620.0
1701,2021-07-01,2022-06-26,2020-06-20,2021-06-26,1260.0,1270.0,0.79,10.0,Renewed,11 mo 26 day,No,356.0,False,75,T0063,,,True,True,3.0,,,,,2.0,0.0,0.0,Unit Type 1,1.0,1.0,580.0
2307,2021-07-01,2022-06-30,2021-01-01,2021-06-26,1450.0,1455.0,0.34,5.0,Renewed,12 month,No,360.0,False,76,T0064,,,True,True,3.0,,,,,,,,Unit Type 5,1.0,1.0,620.0
1803,2021-07-01,2023-03-31,2021-07-01,2022-08-26,1830.0,0.0,-100.0,-1830.0,Renewed,21 month,Yes,630.0,False,77,T0024,,,True,True,4.0,,,,,25.0,0.0,0.0,Unit Type 12,2.0,1.0,925.0
2201,2021-07-13,2022-04-26,2021-08-01,2022-04-26,1330.0,0.0,-100.0,-1330.0,Renewed,9 mo 14 day,Yes,284.0,False,78,T0065,,,True,True,3.0,,,,,3.0,0.0,0.0,Unit Type 1,1.0,1.0,580.0
1501,2021-07-27,2022-07-26,2020-07-06,2021-07-26,1250.0,1275.0,2.0,25.0,Renewed,12 month,No,360.0,False,79,T0066,,,False,False,3.0,5.0,1.0,1.0,2.0,10.0,0.0,0.0,Unit Type 1,1.0,1.0,580.0
1607,2021-07-27,2022-07-26,2020-07-19,2021-07-26,1480.0,1485.0,0.34,5.0,Renewed,12 month,No,360.0,False,80,T0067,,,False,True,3.0,5.0,1.0,1.0,1.0,4.0,0.0,0.0,Unit Type 5,1.0,1.0,620.0
2506,2021-07-27,2022-07-26,2020-07-27,2021-07-26,2150.0,2155.0,0.23,5.0,Renewed,12 month,No,360.0,False,81,T0025,,,True,True,3.0,,,,,8.0,0.0,0.0,Unit Type 13,2.0,1.0,925.0
2204,2021-08-01,2022-01-26,2020-08-01,2021-07-26,1660.0,1695.0,2.11,35.0,Renewed,5 mo 26 day,No,176.0,False,82,T0068,,,True,True,3.0,,,,,7.0,0.0,0.0,Unit Type 15,2.0,1.0,975.0
1406,2021-08-27,2022-08-26,2020-08-27,2021-08-26,0.0,2305.0,,2305.0,Renewed,12 month,No,360.0,False,83,T0030,11.48,0.0,True,True,3.0,,,,,29.0,0.0,0.0,Unit Type 16,2.0,1.0,976.0
1605,2021-08-27,2022-08-26,,,,1675.0,,,Did Not Renew,12 month,No,360.0,False,84,T0027,,,False,False,3.0,,,,,30.0,0.0,0.0,Unit Type 15,2.0,1.0,975.0
1703,2021-08-27,2023-08-26,2020-08-03,2021-08-26,1825.0,1830.0,0.27,5.0,Renewed,24 month,No,720.0,False,85,T0028,10.88,9.0,True,True,3.0,5.0,1.0,1.0,1.0,15.0,0.0,0.0,Unit Type 12,2.0,1.0,925.0
1801,2021-08-27,2022-08-26,2020-08-03,2021-08-26,1270.0,1300.0,2.36,30.0,Renewed,12 month,No,360.0,False,86,T0069,,,False,True,3.0,,,,,4.0,0.0,0.0,Unit Type 1,1.0,1.0,580.0
1804,2021-08-27,2022-08-26,2020-08-27,2021-08-26,0.0,1775.0,,1775.0,Renewed,12 month,No,360.0,False,87,T0031,11.47,0.0,False,False,3.0,5.0,1.0,1.0,1.0,5.0,0.0,0.0,Unit Type 15,2.0,1.0,975.0
2206,2021-08-27,2022-08-26,2020-08-15,2021-08-26,1915.0,1925.0,0.52,10.0,Renewed,12 month,No,360.0,False,88,T0070,10.88,4.0,True,True,3.0,5.0,1.0,1.0,1.0,8.0,0.0,0.0,Unit Type 13,2.0,1.0,925.0
2202,2021-09-01,2022-01-26,2021-06-01,2021-08-26,1470.0,1470.0,0.0,0.0,Renewed,4 mo 26 day,No,146.0,False,89,T0071,,,True,True,3.0,5.0,1.0,1.0,1.0,4.0,0.0,0.0,Unit Type 5,1.0,1.0,620.0
1402,2021-09-01,2023-08-31,2021-02-01,2022-03-26,0.0,0.0,,0.0,Renewed,24 month,Yes,720.0,False,90,T0032,,,True,True,3.0,,,,,6.0,0.0,0.0,Unit Type 9,2.0,1.0,775.0
1807,2021-09-07,2022-12-26,2021-09-01,2022-06-30,1267.0,1270.0,0.24,3.0,Renewed,15 mo 20 day,Yes,470.0,False,91,T0072,,,True,True,3.0,,,,,,,,Unit Type 5,1.0,1.0,620.0
1407,2021-09-15,2026-09-30,2020-12-27,2021-12-26,1300.0,2250.0,73.08,950.0,Renewed,60 mo 16 day,Yes,1816.0,False,92,T0038,,,,,,,,,,6.0,0.0,0.0,Unit Type 6,1.0,1.0,620.0
1114,2021-09-24,2022-07-31,2021-08-15,2022-08-26,1267.0,1267.0,0.0,0.0,Renewed,10 mo 8 day,Yes,308.0,False,93,T0073,,,True,True,4.0,,,,,,,,Unit Type 4,1.0,1.0,610.0
1504,2021-09-27,2022-03-26,2021-03-19,2021-09-26,1815.0,1820.0,0.28,5.0,Renewed,6 month,No,180.0,False,94,T0074,,,True,True,3.0,,,,,,,,Unit Type 15,2.0,1.0,975.0
2405,2021-10-01,2022-09-30,2020-09-03,2021-09-26,1745.0,1765.0,1.15,20.0,Renewed,12 month,No,360.0,False,95,T0032,,,True,True,3.0,,,,,6.0,0.0,0.0,Unit Type 15,2.0,1.0,975.0
1902,2021-10-27,2022-10-26,2020-10-01,2021-10-26,1450.0,1455.0,0.34,5.0,Renewed,12 month,No,360.0,False,96,T0034,,,True,True,3.0,,,,,16.0,0.0,0.0,Unit Type 5,1.0,1.0,620.0
2106,2021-10-27,2022-10-26,2020-10-26,2021-10-26,2000.0,2010.0,0.5,10.0,Renewed,12 month,No,360.0,False,97,T0035,,,True,True,3.0,5.0,1.0,1.0,1.0,8.0,0.0,0.0,Unit Type 13,2.0,1.0,925.0
2503,2021-10-27,2022-10-26,,,,1925.0,,,Did Not Renew,12 month,No,360.0,False,98,T0075,,,True,True,3.0,4.5,0.5,0.5,2.0,4.0,0.0,0.0,Unit Type 12,2.0,1.0,925.0
2203,2021-11-01,2025-10-26,2021-03-27,2022-03-26,0.0,0.0,,0.0,Renewed,47 mo 26 day,Yes,1436.0,False,99,T0009,,,True,False,3.0,5.0,0.8,1.0,5.0,21.0,0.0,0.0,Unit Type 12,2.0,1.0,925.0
2504,2021-11-01,2022-09-30,2021-10-01,2022-09-30,0.0,1915.0,,1915.0,Renewed,11 month,Yes,330.0,False,100,T0076,,,True,True,3.0,,,,,2.0,0.0,0.0,Unit Type 15,2.0,1.0,975.0
2503,2021-11-03,2022-10-31,2021-11-27,2022-11-26,1455.0,0.0,-100.0,-1455.0,Renewed,11 mo 29 day,Yes,359.0,False,101,T0077,,,True,True,3.0,,,,,3.0,0.0,0.0,Unit Type 12,2.0,1.0,925.0
2302,2021-11-27,2022-11-26,2020-11-08,2021-11-26,1450.0,1455.0,0.34,5.0,Renewed,12 month,No,360.0,False,102,T0077,,,True,True,3.0,,,,,5.0,0.0,0.0,Unit Type 5,1.0,1.0,620.0
1905,2022-01-01,2022-12-26,,,,1845.0,,,Did Not Renew,11 mo 26 day,No,356.0,False,103,T0078,,,True,True,3.0,,,,,1.0,0.0,0.0,Unit Type 15,2.0,1.0,975.0
2104,2022-01-01,2022-12-31,2020-12-27,2021-12-26,0.0,1825.0,,1825.0,Renewed,12 month,No,360.0,False,104,T0037,,,True,True,3.0,,,,,7.0,0.0,0.0,Unit Type 15,2.0,1.0,975.0
1403,2022-01-27,2023-01-26,2021-01-27,2022-01-26,0.0,2245.0,,2245.0,Renewed,12 month,No,360.0,False,105,T0006,,,True,True,3.0,,,,,19.0,0.0,0.0,Unit Type 16,2.0,1.0,976.0
1403,2022-01-27,,2021-01-27,2022-01-26,0.0,2245.0,,2245.0,Did Not Renew,Month To Month,No,,True,106,T0006,,,True,True,3.0,,,,,19.0,0.0,0.0,Unit Type 16,2.0,1.0,976.0
2406,2022-03-01,2022-08-26,2022-01-27,2022-02-26,2050.0,2060.0,0.49,10.0,Renewed,5 mo 26 day,No,176.0,False,107,T0079,,,True,True,3.0,,,,,3.0,0.0,0.0,Unit Type 13,2.0,1.0,925.0
1208,2022-03-10,2022-05-07,2022-02-01,2022-05-07,0.0,1650.0,,1650.0,Renewed,1 mo 28 day,Yes,58.0,False,108,T0055,,,True,True,3.0,,,,,20.0,0.0,0.0,Unit Type 17,2.0,2.0,1020.0
1504,2022-03-27,2022-09-26,2021-09-27,2022-03-26,0.0,1830.0,,1830.0,Renewed,6 month,No,180.0,False,109,T0074,,,True,True,3.0,,,,,3.0,0.0,0.0,Unit Type 15,2.0,1.0,975.0
1405,2022-04-01,2023-03-26,2021-03-27,2022-03-26,0.0,2195.0,,2195.0,Renewed,11 mo 26 day,No,356.0,False,110,T0044,,,True,True,4.0,4.875,1.0,0.875,8.0,28.0,0.0,0.0,Unit Type 14,2.0,1.0,926.0
1505,2022-04-01,2023-03-26,2021-03-27,2022-03-26,1670.0,1690.0,1.2,20.0,Renewed,11 mo 26 day,No,356.0,False,111,T0045,11.47,0.0,True,True,3.0,5.0,1.0,1.0,4.0,21.0,0.0,0.0,Unit Type 15,2.0,1.0,975.0
2105,2022-04-01,2023-03-26,2021-03-27,2022-03-26,0.0,1750.0,,1750.0,Renewed,11 mo 26 day,No,356.0,False,112,T0047,,,True,True,3.0,,,,,7.0,0.0,0.0,Unit Type 15,2.0,1.0,975.0
1606,2022-05-01,2022-05-26,2020-05-18,2022-04-26,1800.0,2000.0,11.11,200.0,Renewed,26 day,No,26.0,False,113,T0080,,,True,True,3.0,,,,,16.0,0.0,0.0,Unit Type 13,2.0,1.0,925.0
1704,2022-05-01,2023-04-26,2021-05-08,2022-04-26,1830.0,1850.0,1.09,20.0,Renewed,11 mo 26 day,No,356.0,False,114,T0081,,,True,False,3.0,,,,,6.0,0.0,0.0,Unit Type 15,2.0,1.0,975.0
1906,2022-05-01,2022-10-26,2021-04-27,2022-04-26,0.0,1930.0,,1930.0,Renewed,5 mo 26 day,No,176.0,False,115,T0050,,,True,True,3.0,,,,,16.0,0.0,0.0,Unit Type 13,2.0,1.0,925.0
1907,2022-05-01,2023-04-26,2021-04-27,2022-04-26,0.0,1355.0,,1355.0,Renewed,11 mo 26 day,No,356.0,False,116,T0011,0.0,0.0,True,True,3.0,,,,,21.0,0.0,0.0,Unit Type 5,1.0,1.0,620.0
2007,2022-05-01,2023-04-26,2021-05-01,2022-04-26,1260.0,1265.0,0.4,5.0,Renewed,11 mo 26 day,No,356.0,False,117,T0051,7.3,2.0,True,True,3.0,,,,,4.0,0.0,0.0,Unit Type 5,1.0,1.0,620.0
2107,2022-05-01,2023-04-26,2021-03-26,2022-04-26,1280.0,1285.0,0.39,5.0,Renewed,11 mo 26 day,No,356.0,False,118,T0082,,,True,True,3.0,5.0,1.0,1.0,1.0,4.0,0.0,0.0,Unit Type 5,1.0,1.0,620.0
2402,2022-05-01,2023-04-26,2021-04-01,2022-04-26,1300.0,1305.0,0.38,5.0,Renewed,11 mo 26 day,No,356.0,False,119,T0083,,,False,False,3.0,,,,,4.0,0.0,0.0,Unit Type 5,1.0,1.0,620.0
2505,2022-05-01,2023-04-26,2021-04-27,2022-04-26,0.0,1835.0,,1835.0,Renewed,11 mo 26 day,No,356.0,False,120,T0053,,,True,True,2.0,,,,,7.0,0.0,0.0,Unit Type 15,2.0,1.0,975.0
1507,2022-06-01,2023-05-26,2021-04-13,2022-05-26,1495.0,1500.0,0.33,5.0,Renewed,11 mo 26 day,No,356.0,False,121,T0084,,,True,True,3.0,5.0,1.0,1.0,1.0,3.0,0.0,0.0,Unit Type 5,1.0,1.0,620.0
1603,2022-06-01,2023-05-26,,,,1910.0,,,Did Not Renew,11 mo 26 day,No,356.0,False,122,T0085,,,True,True,3.0,4.615384615384615,0.8461538461538461,1.0,13.0,23.0,0.0,0.0,Unit Type 12,2.0,1.0,925.0
1604,2022-06-01,2023-05-26,2021-05-15,2022-05-26,1830.0,1840.0,0.55,10.0,Renewed,11 mo 26 day,No,356.0,False,123,T0086,,,False,False,3.0,,,,,10.0,0.0,0.0,Unit Type 15,2.0,1.0,975.0
1702,2022-06-01,2023-05-26,2021-05-22,2022-05-26,1260.0,1270.0,0.79,10.0,Renewed,11 mo 26 day,No,356.0,False,124,T0087,,,True,True,3.0,5.0,1.0,1.0,4.0,10.0,0.0,0.0,Unit Type 5,1.0,1.0,620.0
1903,2022-06-01,2023-05-26,2021-05-27,2022-05-26,0.0,2060.0,,2060.0,Renewed,11 mo 26 day,No,356.0,False,125,T0015,0.0,2.0,False,False,3.0,1.0,0.0,0.0,1.0,16.0,0.0,0.0,Unit Type 12,2.0,1.0,925.0
1904,2022-06-01,2023-05-26,2021-11-22,2022-05-26,1860.0,1865.0,0.27,5.0,Renewed,11 mo 26 day,No,356.0,False,126,T0088,,,False,False,3.0,,,,,9.0,0.0,0.0,Unit Type 15,2.0,1.0,975.0
2002,2022-06-01,2023-05-26,2021-05-27,2022-05-26,0.0,1510.0,,1510.0,Renewed,11 mo 26 day,No,356.0,False,127,T0056,,,True,True,3.0,,,,,1.0,0.0,0.0,Unit Type 5,1.0,1.0,620.0
2404,2022-06-01,2023-05-26,2021-05-27,2022-05-26,0.0,1750.0,,1750.0,Renewed,11 mo 26 day,No,356.0,False,128,T0058,9.12,0.0,True,True,3.0,5.0,1.0,1.0,1.0,6.0,0.0,0.0,Unit Type 15,2.0,1.0,975.0
1701,2022-07-01,2023-07-26,2021-07-01,2022-06-26,1270.0,1285.0,1.18,15.0,Renewed,12 mo 26 day,No,386.0,False,129,T0063,,,True,True,3.0,,,,,9.0,12.777777777777779,0.0,Unit Type 1,1.0,1.0,580.0
1805,2022-07-01,2023-06-26,2021-07-09,2022-06-26,1830.0,1860.0,1.64,30.0,Renewed,11 mo 26 day,No,356.0,False,130,T0089,0.0,0.0,True,True,3.0,,,,,6.0,0.0,0.0,Unit Type 15,2.0,1.0,975.0
1807,2022-07-01,2022-12-26,2021-09-07,2022-06-30,1260.0,1270.0,0.79,10.0,Renewed,5 mo 26 day,No,176.0,False,131,T0072,,,True,True,3.0,,,,,1.0,0.0,0.0,Unit Type 5,1.0,1.0,620.0
1901,2022-07-01,2023-06-26,,,,1330.0,,,Did Not Renew,11 mo 26 day,No,356.0,False,132,T0090,,,True,True,1.0,,,,,8.0,0.0,0.0,Unit Type 1,1.0,1.0,580.0
2001,2022-07-01,2023-06-26,,,,1320.0,,,Did Not Renew,11 mo 26 day,No,356.0,False,133,T0060,,,True,True,3.0,5.0,1.0,1.0,3.0,11.0,63.54545454545455,0.0,Unit Type 1,1.0,1.0,580.0
2006,2022-07-01,2023-06-26,2021-05-01,2022-06-26,1950.0,1975.0,1.28,25.0,Renewed,11 mo 26 day,No,356.0,False,134,T0054,,,True,True,3.0,,,,,17.0,52.294117647058826,0.0,Unit Type 13,2.0,1.0,925.0
2102,2022-07-01,2023-06-26,2021-06-28,2022-06-26,1280.0,1300.0,1.56,20.0,Renewed,11 mo 26 day,No,356.0,False,135,T0091,,,True,False,3.0,,,,,2.0,0.0,0.0,Unit Type 5,1.0,1.0,620.0
2304,2022-07-01,2023-06-26,,,,1735.0,,,Did Not Renew,11 mo 26 day,No,356.0,False,136,T0061,,,True,True,3.0,,,,,10.0,0.0,0.0,Unit Type 15,2.0,1.0,975.0
2401,2022-07-01,2023-06-26,2021-04-09,2022-06-26,1395.0,1400.0,0.36,5.0,Renewed,11 mo 26 day,No,356.0,False,137,T0020,,,True,True,2.0,5.0,1.0,1.0,1.0,19.0,0.0,0.0,Unit Type 1,1.0,1.0,580.0
2507,2022-07-01,2023-06-26,,,,1350.0,,,Did Not Renew,11 mo 26 day,No,356.0,False,138,T0092,,,False,True,3.0,,,,,11.0,0.0,0.0,Unit Type 5,1.0,1.0,620.0
1122,2022-07-01,2023-06-26,2021-11-05,2022-06-30,0.0,1310.0,,1310.0,Renewed,11 mo 26 day,No,356.0,False,139,T0093,,,False,False,3.0,,,,,21.0,0.0,0.0,Unit Type 3,1.0,1.0,595.0
2205,2022-07-27,2023-07-31,2021-08-01,2022-07-26,1850.0,1850.0,0.0,0.0,Renewed,12 mo 5 day,No,365.0,False,140,T0094,,,True,False,4.0,,,,,24.0,0.0,0.0,Unit Type 15,2.0,1.0,975.0
1506,2022-08-01,2022-10-31,2021-07-03,2022-07-26,1950.0,2100.0,7.69,150.0,Renewed,3 month,No,90.0,False,141,T0095,,,True,False,3.0,5.0,1.0,1.0,1.0,2.0,0.0,0.0,Unit Type 13,2.0,1.0,925.0
1601,2022-08-01,2023-07-26,2021-07-19,2022-07-26,1310.0,1338.0,2.14,28.0,Renewed,11 mo 26 day,No,356.0,False,142,T0096,,,True,False,3.0,5.0,1.0,1.0,1.0,7.0,0.0,0.0,Unit Type 1,1.0,1.0,580.0
2004,2022-08-01,2023-07-26,2021-08-13,2022-07-29,0.0,1845.0,,1845.0,Renewed,11 mo 26 day,No,356.0,False,143,T0097,,,True,True,4.0,4.5,1.0,1.0,2.0,17.0,0.0,0.0,Unit Type 15,2.0,1.0,975.0
2301,2022-08-01,2023-07-26,,,,1380.0,,,Did Not Renew,11 mo 26 day,No,356.0,False,144,T0098,,,False,False,3.0,5.0,1.0,1.0,1.0,10.0,0.0,0.0,Unit Type 1,1.0,1.0,580.0
2306,2022-08-01,2022-08-26,2022-05-01,2022-07-26,1950.0,2100.0,7.69,150.0,Renewed,26 day,No,26.0,False,145,T0012,,,False,False,2.0,4.5,0.875,0.75,8.0,20.0,0.0,0.0,Unit Type 13,2.0,1.0,925.0
2506,2022-08-01,2023-07-26,,,,2165.0,,,Did Not Renew,11 mo 26 day,No,356.0,False,146,T0025,,,True,True,3.0,,,,,9.0,0.0,0.0,Unit Type 13,2.0,1.0,925.0
2506,2022-08-19,2026-08-26,2021-08-12,2022-08-26,1870.0,2445.0,30.75,575.0,Renewed,48 mo 8 day,Yes,1448.0,False,147,T0099,10.88,0.0,True,False,2.0,,,,,6.0,0.0,0.0,Unit Type 13,2.0,1.0,925.0
2306,2022-08-27,2022-09-26,2022-08-01,2022-08-26,2100.0,2100.0,0.0,0.0,Renewed,1 month,No,30.0,False,148,T0012,,,False,False,2.0,4.5,0.875,0.75,8.0,21.0,0.0,0.0,Unit Type 13,2.0,1.0,925.0
1402,2022-09-01,2023-08-31,2021-09-01,2022-08-31,1875.0,1880.0,0.27,5.0,Renewed,12 month,No,360.0,False,149,T0032,,,True,True,3.0,,,,,8.0,0.0,0.0,Unit Type 9,2.0,1.0,775.0
1406,2022-09-01,2023-08-26,2021-08-27,2022-08-26,0.0,2305.0,,2305.0,Renewed,11 mo 26 day,No,356.0,False,150,T0030,11.48,0.0,True,True,3.0,5.0,1.0,1.0,1.0,38.0,0.0,0.0,Unit Type 16,2.0,1.0,976.0
1706,2022-09-01,2023-08-26,2021-09-01,2022-08-31,1950.0,2000.0,2.56,50.0,Renewed,11 mo 26 day,No,356.0,False,151,T0100,,,True,True,3.0,,,,,11.0,0.0,0.0,Unit Type 13,2.0,1.0,925.0
1801,2022-09-01,2023-08-26,,,,1350.0,,,Did Not Renew,11 mo 26 day,No,356.0,False,152,T0069,,,False,True,3.0,,,,,8.0,0.0,0.0,Unit Type 1,1.0,1.0,580.0
1804,2022-09-01,2023-08-26,2021-08-27,2022-08-26,0.0,1850.0,,1850.0,Renewed,11 mo 26 day,No,356.0,False,153,T0031,11.47,0.0,False,False,3.0,5.0,1.0,1.0,2.0,6.0,0.0,0.0,Unit Type 15,2.0,1.0,975.0
2005,2022-09-01,2022-12-31,2021-06-14,,1900.0,1900.0,0.0,0.0,Renewed,4 month,No,120.0,False,154,T0101,,,True,True,3.0,5.0,1.0,1.0,3.0,5.0,0.0,0.0,Unit Type 15,2.0,1.0,975.0
2206,2022-09-01,2023-08-26,2021-08-27,2022-08-26,0.0,2000.0,,2000.0,Renewed,11 mo 26 day,No,356.0,False,155,T0070,10.88,4.0,True,True,3.0,5.0,1.0,1.0,1.0,8.0,0.0,0.0,Unit Type 13,2.0,1.0,925.0
2407,2022-09-01,2023-08-26,,,,1350.0,,,Did Not Renew,11 mo 26 day,No,356.0,False,156,T0102,,,True,True,3.0,,,,,1.0,0.0,0.0,Unit Type 5,1.0,1.0,620.0
1101,2022-09-01,2023-08-26,2021-11-01,2022-08-26,0.0,1520.0,,1520.0,Renewed,11 mo 26 day,No,356.0,False,157,T0103,,,True,True,3.0,5.0,1.0,1.0,1.0,13.0,0.0,0.0,Unit Type 11,1.0,1.0,870.0
1202,2022-09-01,2023-08-26,2022-01-27,2022-08-26,1260.0,1480.0,17.46,220.0,Renewed,11 mo 26 day,No,356.0,False,158,T0104,,,True,False,3.0,,,,,5.0,0.0,0.0,Unit Type 10,1.0,1.0,780.0
2406,2022-09-01,2024-01-27,2022-02-01,2023-01-26,0.0,0.0,,0.0,Renewed,16 mo 27 day,Yes,507.0,False,159,T0105,,,True,True,3.0,,,,,7.0,0.0,0.0,Unit Type 13,2.0,1.0,925.0
1503,2022-09-27,2023-09-26,2021-10-08,2022-09-26,1815.0,1875.0,3.31,60.0,Renewed,12 month,No,360.0,False,160,T0106,,,True,True,3.0,5.0,1.0,1.0,1.0,7.0,17.142857142857142,0.0,Unit Type 12,2.0,1.0,925.0
1504,2022-09-27,2023-03-26,2022-03-27,2022-09-26,0.0,1850.0,,1850.0,Renewed,6 month,No,180.0,False,161,T0074,,,True,True,3.0,,,,,4.0,0.0,0.0,Unit Type 15,2.0,1.0,975.0
1806,2022-09-27,2023-09-26,2021-09-10,2022-09-26,1965.0,2065.0,5.09,100.0,Renewed,12 month,No,360.0,False,162,T0107,,,False,False,2.0,5.0,1.0,1.0,1.0,16.0,0.0,0.0,Unit Type 13,2.0,1.0,925.0
2305,2022-09-27,2023-05-14,2021-08-20,2022-09-26,1890.0,1890.0,0.0,0.0,Renewed,7 mo 18 day,No,228.0,False,163,T0108,,,True,True,3.0,5.0,1.0,1.0,1.0,16.0,0.0,0.0,Unit Type 15,2.0,1.0,975.0
2306,2022-09-27,2022-10-26,2022-08-27,2022-09-26,2100.0,2100.0,0.0,0.0,Renewed,1 month,No,30.0,False,164,T0012,,,False,False,2.0,4.5,0.875,0.75,8.0,22.0,0.0,0.0,Unit Type 13,2.0,1.0,925.0
1102,2022-09-27,2023-09-26,2021-11-01,2022-09-26,1444.0,1505.0,4.22,61.0,Renewed,12 month,No,360.0,False,165,T0109,,,True,True,3.0,5.0,1.0,1.0,1.0,4.0,0.0,0.0,Unit Type 10,1.0,1.0,780.0
1407,2022-10-01,2023-09-30,2021-09-15,2022-09-30,1625.0,1655.0,1.85,30.0,Renewed,12 month,No,360.0,False,166,T0038,,,,,,,,,,8.0,0.0,0.0,Unit Type 6,1.0,1.0,620.0
1407,2022-10-01,,2021-09-15,2022-09-30,1625.0,1655.0,1.85,30.0,Did Not Renew,Month To Month,No,,True,167,T0038,,,,,,,,,,8.0,0.0,0.0,Unit Type 6,1.0,1.0,620.0
1803,2022-10-01,2023-03-31,2021-10-14,,1830.0,1898.0,3.72,68.0,Renewed,6 month,No,180.0,False,168,T0024,,,True,True,4.0,,,,,40.0,0.0,0.0,Unit Type 12,2.0,1.0,925.0
1223,2022-10-01,2023-03-31,2022-03-14,2022-09-30,1250.0,1350.0,8.0,100.0,Renewed,6 month,No,180.0,False,169,T0110,,,False,False,3.0,,,,,4.0,0.0,0.0,Unit Type 3,1.0,1.0,595.0
1109,2022-10-15,2023-10-14,2021-11-05,2022-10-14,1970.0,1975.0,0.25,5.0,Renewed,12 month,No,360.0,False,170,T0111,,,True,True,3.0,,,,,11.0,0.0,0.0,Unit Type 17,2.0,2.0,1020.0
1404,2022-10-27,2023-10-26,2020-10-27,2022-10-26,2275.35,2280.0,0.2,4.65,Renewed,12 month,No,360.0,False,171,T0036,0.0,7.0,True,True,2.0,4.428571428571429,0.8571428571428571,0.8571428571428571,7.0,44.0,0.0,0.0,Unit Type 14,2.0,1.0,926.0
1902,2022-10-27,2023-10-26,2021-10-12,2022-10-26,0.0,1330.0,,1330.0,Renewed,12 month,No,360.0,False,172,T0112,,,True,True,3.0,,,,,1.0,0.0,0.0,Unit Type 5,1.0,1.0,620.0
2103,2022-10-27,2023-10-26,2021-11-05,2022-10-26,1878.0,2078.0,10.65,200.0,Renewed,12 month,No,360.0,False,173,T0113,,,True,True,3.0,,,,,15.0,0.0,0.0,Unit Type 12,2.0,1.0,925.0
2106,2022-10-27,2023-10-26,2021-10-27,2022-10-26,0.0,2215.0,,2215.0,Renewed,12 month,No,360.0,False,174,T0035,,,True,True,3.0,5.0,1.0,1.0,1.0,15.0,6.333333333333333,0.0,Unit Type 13,2.0,1.0,925.0
2203,2022-10-27,2023-10-26,2021-11-01,2022-10-26,1878.0,2078.0,10.65,200.0,Renewed,12 month,No,360.0,False,175,T0009,,,True,False,3.0,5.0,0.8333333333333334,1.0,6.0,31.0,0.0,0.0,Unit Type 12,2.0,1.0,925.0
2306,2022-10-27,2023-07-26,2022-09-27,2022-10-26,2100.0,2100.0,0.0,0.0,Renewed,9 month,No,270.0,False,176,T0012,,,False,False,2.0,4.5,0.875,0.75,8.0,22.0,0.0,0.0,Unit Type 13,2.0,1.0,925.0
1107,2022-10-29,2023-10-28,2021-11-01,2022-10-28,0.0,1475.0,,1475.0,Renewed,12 month,No,360.0,False,177,T0114,,,True,True,3.0,,,,,10.0,0.0,0.0,Unit Type 8,1.0,1.0,755.0
1124,2022-10-29,2023-10-28,2021-11-02,2022-10-28,1495.0,1525.0,2.01,30.0,Renewed,12 month,No,360.0,False,178,T0115,8.77,0.0,True,True,1.0,,,,,13.0,0.0,0.0,Unit Type 7,1.0,1.0,745.0
1206,2022-10-31,2023-10-30,2022-01-22,2022-10-30,1483.0,1545.0,4.18,62.0,Renewed,12 month,No,360.0,False,179,T0116,,,False,False,3.0,,,,,2.0,0.0,0.0,Unit Type 11,1.0,1.0,870.0
1506,2022-11-01,2023-10-31,2022-08-01,2022-10-31,2100.0,2100.0,0.0,0.0,Did Not Renew,12 month,No,360.0,False,180,T0095,,,True,False,3.0,5.0,1.0,1.0,2.0,2.0,0.0,0.0,Unit Type 13,2.0,1.0,925.0
1506,2022-11-01,,2022-08-01,2022-10-31,2100.0,2100.0,0.0,0.0,Month To Month,Month To Month,No,,True,181,T0095,,,True,False,3.0,5.0,1.0,1.0,2.0,2.0,0.0,0.0,Unit Type 13,2.0,1.0,925.0
2503,2022-11-01,2023-10-31,,,,2100.0,,,Did Not Renew,12 month,No,360.0,False,182,T0077,,,True,True,3.0,,,,,10.0,12.0,0.0,Unit Type 12,2.0,1.0,925.0
1506,2022-12-01,2023-05-31,2022-11-01,,2100.0,2175.0,3.57,75.0,Renewed,6 month,No,180.0,False,183,T0095,,,True,False,3.0,5.0,1.0,1.0,2.0,2.0,0.0,0.0,Unit Type 13,2.0,1.0,925.0
1106,2022-12-01,2023-11-30,2021-12-04,2022-11-30,1435.0,1535.0,6.97,100.0,Renewed,12 month,No,360.0,False,184,T0117,,,True,True,3.0,,,,,6.0,0.0,0.0,Unit Type 11,1.0,1.0,870.0
2005,2023-01-01,2023-04-26,2022-09-01,2022-12-31,1900.0,2050.0,7.89,150.0,Renewed,3 mo 26 day,No,116.0,False,185,T0101,,,True,True,3.0,4.0,0.6,0.6,5.0,9.0,0.0,0.0,Unit Type 15,2.0,1.0,975.0
1905,2023-01-27,2024-01-26,2022-01-07,2023-01-26,1860.0,1925.0,3.49,65.0,Renewed,12 month,No,360.0,False,186,T0118,,,True,True,3.0,5.0,1.0,1.0,2.0,10.0,0.0,0.0,Unit Type 15,2.0,1.0,975.0
2204,2023-01-27,2024-01-26,2022-02-04,2023-01-26,1880.0,1955.0,3.99,75.0,Renewed,12 month,No,360.0,False,187,T0119,11.47,1.0,False,False,3.0,5.0,1.0,1.0,2.0,2.0,0.0,0.0,Unit Type 15,2.0,1.0,975.0
1203,2023-01-27,2024-01-26,2021-09-15,2023-01-26,0.0,1580.0,,1580.0,Renewed,12 month,No,360.0,False,188,T0120,9.18,0.0,True,True,3.0,,,,,8.0,0.0,0.0,Unit Type 10,1.0,1.0,780.0
1204,2023-01-27,2024-01-26,2022-02-01,2023-01-26,1475.0,1580.0,7.12,105.0,Renewed,12 month,No,360.0,False,189,T0121,9.18,0.0,False,False,3.0,,,,,4.0,0.0,0.0,Unit Type 10,1.0,1.0,780.0
2406,2023-01-28,2024-01-27,2022-09-01,2023-01-27,2398.0,2398.0,0.0,0.0,Renewed,12 month,No,360.0,False,190,T0105,,,True,True,3.0,,,,,7.0,0.0,0.0,Unit Type 13,2.0,1.0,925.0
1707,2023-02-02,2024-04-26,2022-08-02,2023-07-26,0.0,0.0,,0.0,Renewed,14 mo 25 day,Yes,445.0,False,191,T0122,,,False,False,3.0,,,,,9.0,0.0,0.0,Unit Type 5,1.0,1.0,620.0
2302,2023-02-27,2024-02-26,,,,1500.0,,,Did Not Renew,12 month,No,360.0,False,192,T0123,,,True,True,3.0,,,,,9.0,0.0,0.0,Unit Type 5,1.0,1.0,620.0
1120,2023-02-27,2024-02-26,2022-03-01,2023-02-26,1250.0,1630.0,30.4,380.0,Renewed,12 month,No,360.0,False,193,T0124,,,True,True,3.0,,,,,11.0,0.0,0.0,Unit Type 3,1.0,1.0,595.0
1222,2023-02-27,2024-02-26,2022-02-25,2023-02-26,1310.0,1690.0,29.01,380.0,Renewed,12 month,No,360.0,False,194,T0125,,,True,True,3.0,,,,,9.0,0.0,0.0,Unit Type 3,1.0,1.0,595.0
1405,2023-03-27,2024-03-26,,,,2600.0,,,Did Not Renew,12 month,No,360.0,False,195,T0044,,,True,True,4.0,4.4,0.8,0.8,10.0,33.0,0.0,0.0,Unit Type 14,2.0,1.0,926.0
1505,2023-03-27,2025-03-26,2022-04-01,2023-03-26,1690.0,1932.0,14.32,242.0,Renewed,24 month,No,720.0,False,196,T0045,11.47,0.0,True,True,3.0,5.0,1.0,1.0,7.0,29.0,3.9655172413793105,0.0,Unit Type 15,2.0,1.0,975.0
1802,2023-03-27,2024-03-26,2022-03-30,2023-03-26,1290.0,1630.0,26.36,340.0,Renewed,12 month,No,360.0,False,197,T0126,153.37,0.0,True,True,3.0,,,,,3.0,0.0,0.0,Unit Type 5,1.0,1.0,620.0
2104,2023-03-27,2024-03-26,2022-04-07,2023-03-26,1880.0,2055.0,9.31,175.0,Renewed,12 month,No,360.0,False,198,T0127,,,False,False,3.0,,,,,2.0,0.0,0.0,Unit Type 15,2.0,1.0,975.0
2303,2023-03-27,2024-03-26,,,,2380.0,,,Did Not Renew,12 month,No,360.0,False,199,T0128,,,False,False,2.0,,,,,15.0,0.0,0.0,Unit Type 12,2.0,1.0,925.0
1117,2023-03-27,2023-04-26,2022-03-18,2023-03-26,1250.0,1630.0,30.4,380.0,Renewed,1 month,No,30.0,False,200,T0129,,,True,True,3.0,1.0,0.0,0.0,1.0,10.0,0.0,0.0,Unit Type 3,1.0,1.0,595.0
1205,2023-03-27,2024-03-26,2022-04-09,2023-03-26,1475.0,1625.0,10.17,150.0,Renewed,12 month,No,360.0,False,201,T0130,9.18,0.0,False,False,3.0,,,,,8.0,0.0,0.0,Unit Type 10,1.0,1.0,780.0
1224,2023-03-27,2024-03-26,,,,1800.0,,,Did Not Renew,12 month,No,360.0,False,202,T0131,,,True,False,4.0,,,,,15.0,0.0,0.0,Unit Type 7,1.0,1.0,745.0
1210,2023-04-01,2024-03-31,,,,1955.0,,,Did Not Renew,12 month,No,360.0,False,203,T0132,,,False,False,3.0,,,,,5.0,0.0,0.0,Unit Type 17,2.0,2.0,1020.0
1215,2023-04-01,2024-03-31,2022-03-31,2023-03-31,1295.0,1600.0,23.55,305.0,Renewed,12 month,No,360.0,False,204,T0133,,,True,True,3.0,,,,,1.0,0.0,0.0,Unit Type 2,1.0,1.0,580.0
1907,2023-04-27,2025-04-26,2022-05-01,2023-04-26,1355.0,1492.0,10.11,137.0,Renewed,24 month,No,720.0,False,205,T0011,0.0,0.0,True,True,3.0,,,,,34.0,0.0,0.0,Unit Type 5,1.0,1.0,620.0
2005,2023-04-27,2023-08-31,2023-01-01,2023-04-26,2050.0,2200.0,7.32,150.0,Renewed,4 mo 5 day,No,125.0,False,206,T0101,,,True,True,3.0,4.0,0.6,0.6,5.0,10.0,0.0,0.0,Unit Type 15,2.0,1.0,975.0
2007,2023-04-27,2024-04-26,2022-05-01,2023-04-26,1265.0,1447.0,14.39,182.0,Renewed,12 month,No,360.0,False,207,T0051,7.3,2.0,True,True,3.0,,,,,8.0,0.0,0.0,Unit Type 5,1.0,1.0,620.0
2402,2023-04-27,2024-04-26,,,,1680.0,,,Did Not Renew,12 month,No,360.0,False,208,T0083,,,False,False,3.0,,,,,7.0,0.0,0.0,Unit Type 5,1.0,1.0,620.0
2505,2023-04-27,2024-04-26,2022-05-01,2023-04-26,1835.0,2085.0,13.62,250.0,Renewed,12 month,No,360.0,False,209,T0053,,,True,True,2.0,,,,,8.0,0.0,0.0,Unit Type 15,2.0,1.0,975.0
1114,2023-04-27,2024-04-26,2022-04-30,2023-04-26,1325.0,1630.0,23.02,305.0,Renewed,12 month,No,360.0,False,210,T0134,,,True,True,3.0,1.0,0.0,1.0,1.0,2.0,0.0,0.0,Unit Type 4,1.0,1.0,610.0
1118,2023-04-27,2024-04-26,2022-05-01,2023-04-26,1250.0,1630.0,30.4,380.0,Renewed,12 month,No,360.0,False,211,T0135,,,True,True,2.0,,,,,12.0,0.0,0.0,Unit Type 3,1.0,1.0,595.0
1220,2023-04-30,2023-07-29,2022-04-30,2023-04-29,1250.0,1440.0,15.2,190.0,Renewed,3 month,No,90.0,False,212,T0136,,,True,True,3.0,,,,,4.0,0.0,0.0,Unit Type 3,1.0,1.0,595.0
2405,2023-05-10,2023-07-31,2022-05-10,2023-05-09,1920.0,1920.0,0.0,0.0,Renewed,2 mo 22 day,No,82.0,False,213,T0137,,,True,True,4.0,,,,,8.0,0.0,0.0,Unit Type 15,2.0,1.0,975.0
1604,2023-05-27,2024-05-26,,,,2200.0,,,Did Not Renew,12 month,No,360.0,False,214,T0086,,,False,False,3.0,,,,,15.0,0.0,0.0,Unit Type 15,2.0,1.0,975.0
1702,2023-05-27,2024-05-26,,,,1630.0,,,Did Not Renew,12 month,No,360.0,False,215,T0087,,,True,True,3.0,5.0,1.0,1.0,4.0,15.0,0.0,0.0,Unit Type 5,1.0,1.0,620.0
1705,2023-05-27,2024-05-26,2022-06-06,2023-05-26,1860.0,2030.0,9.14,170.0,Renewed,12 month,No,360.0,False,216,T0138,,,True,True,3.0,,,,,6.0,0.0,0.0,Unit Type 15,2.0,1.0,975.0
1903,2023-05-27,2024-05-26,2022-06-01,2023-05-26,2060.0,2195.0,6.55,135.0,Renewed,12 month,No,360.0,False,217,T0015,0.0,2.0,False,False,3.0,1.0,0.0,0.0,1.0,24.0,5.0,0.0,Unit Type 12,2.0,1.0,925.0
1904,2023-05-27,2024-01-26,2022-06-01,2023-05-26,1865.0,2050.0,9.92,185.0,Renewed,8 month,No,240.0,False,218,T0088,,,False,False,3.0,,,,,14.0,6.785714285714286,0.0,Unit Type 15,2.0,1.0,975.0
2002,2023-05-27,2024-05-26,2022-06-01,2023-05-26,1510.0,1630.0,7.95,120.0,Renewed,12 month,No,360.0,False,219,T0056,,,True,True,3.0,,,,,2.0,0.0,0.0,Unit Type 5,1.0,1.0,620.0
2404,2023-05-27,2024-05-26,2022-06-01,2023-05-26,1750.0,2000.0,14.29,250.0,Renewed,12 month,No,360.0,False,220,T0058,9.12,0.0,True,True,3.0,5.0,1.0,1.0,2.0,12.0,0.0,0.0,Unit Type 15,2.0,1.0,975.0
1208,2023-05-27,2023-11-26,2022-05-20,2023-05-26,0.0,1930.0,,1930.0,Renewed,6 month,No,180.0,False,221,T0139,,,True,True,3.0,,,,,18.0,0.0,0.0,Unit Type 17,2.0,2.0,1020.0
1224,2023-05-29,2025-05-28,2023-05-29,2024-05-28,0.0,0.0,,0.0,Renewed,24 month,Yes,720.0,False,222,T0140,,,True,True,1.0,,,,,,,,Unit Type 7,1.0,1.0,745.0
1115,2023-06-16,2024-06-15,2022-06-16,2023-06-15,1295.0,1425.0,10.04,130.0,Renewed,12 month,No,360.0,False,223,T0141,,,True,True,3.0,,,,,10.0,0.0,0.0,Unit Type 2,1.0,1.0,580.0
2307,2023-06-23,2024-06-22,2022-06-22,2023-06-22,1330.0,1495.0,12.41,165.0,Renewed,12 month,No,360.0,False,224,T0142,,,False,False,3.0,,,,,6.0,0.0,0.0,Unit Type 5,1.0,1.0,620.0
1606,2023-06-27,2024-06-26,2022-07-01,2023-06-26,2005.0,2300.0,14.71,295.0,Renewed,12 month,No,360.0,False,225,T0143,10.88,0.0,True,True,3.0,,,,,5.0,0.0,0.0,Unit Type 13,2.0,1.0,925.0
1805,2023-06-27,2024-01-26,2022-07-01,2023-06-26,1860.0,2100.0,12.9,240.0,Renewed,7 month,No,210.0,False,226,T0089,0.0,0.0,True,True,3.0,,,,,8.0,0.0,0.0,Unit Type 15,2.0,1.0,975.0
1901,2023-06-27,2024-06-26,2022-07-02,2023-06-26,1348.0,1570.0,16.47,222.0,Renewed,12 month,No,360.0,False,227,T0144,,,True,True,2.0,,,,,4.0,0.0,0.0,Unit Type 1,1.0,1.0,580.0
2006,2023-06-27,2024-06-26,2022-07-01,2023-06-26,1975.0,2300.0,16.46,325.0,Renewed,12 month,No,360.0,False,228,T0054,,,True,True,3.0,,,,,23.0,38.65217391304348,0.0,Unit Type 13,2.0,1.0,925.0
2102,2023-06-27,2024-06-26,,,,1660.0,,,Did Not Renew,12 month,No,360.0,False,229,T0091,,,True,False,3.0,,,,,3.0,0.0,0.0,Unit Type 5,1.0,1.0,620.0
2102,2023-06-27,,,,,1300.0,,,Did Not Renew,Month To Month,No,,True,230,T0091,,,True,False,3.0,,,,,3.0,0.0,0.0,Unit Type 5,1.0,1.0,620.0
2304,2023-06-27,2024-06-26,,,,2230.0,,,Did Not Renew,12 month,No,360.0,False,231,T0145,,,True,True,3.0,5.0,1.0,1.0,1.0,9.0,0.0,0.0,Unit Type 15,2.0,1.0,975.0
2401,2023-06-27,2024-06-26,2022-07-01,2023-06-26,1400.0,1470.0,5.0,70.0,Renewed,12 month,No,360.0,False,232,T0020,,,True,True,2.0,5.0,1.0,1.0,1.0,25.0,0.0,0.0,Unit Type 1,1.0,1.0,580.0
2401,2023-06-27,,2022-07-01,2023-06-26,1400.0,1400.0,0.0,0.0,Did Not Renew,Month To Month,No,,True,233,T0020,,,True,True,2.0,5.0,1.0,1.0,1.0,25.0,0.0,0.0,Unit Type 1,1.0,1.0,580.0
1103,2023-06-27,2024-06-26,2023-04-01,2023-06-26,1475.0,1695.0,14.92,220.0,Renewed,12 month,No,360.0,False,234,T0146,,,False,False,3.0,,,,,1.0,0.0,0.0,Unit Type 10,1.0,1.0,780.0
1122,2023-06-27,2024-06-26,,,,1690.0,,,Did Not Renew,12 month,No,360.0,False,235,T0093,,,False,False,3.0,,,,,31.0,0.0,0.0,Unit Type 3,1.0,1.0,595.0
1219,2023-06-27,2023-08-26,2022-06-15,2023-06-26,1365.0,1425.0,4.4,60.0,Renewed,2 month,No,60.0,False,236,T0147,,,True,True,3.0,,,,,2.0,0.0,0.0,Unit Type 3,1.0,1.0,595.0
2501,2023-07-08,2024-07-07,,,,1695.0,,,Did Not Renew,12 month,No,360.0,False,237,T0148,,,True,True,3.0,5.0,1.0,1.0,1.0,9.0,0.0,0.0,Unit Type 1,1.0,1.0,580.0
1601,2023-07-27,2024-07-26,,,,1420.0,,,Did Not Renew,12 month,No,360.0,False,238,T0096,,,True,False,3.0,5.0,1.0,1.0,1.0,12.0,0.0,0.0,Unit Type 1,1.0,1.0,580.0
1607,2023-07-27,2024-07-26,2022-08-02,2023-07-26,1300.0,1445.0,11.15,145.0,Renewed,12 month,No,360.0,False,239,T0149,,,True,True,3.0,,,,,4.0,0.0,0.0,Unit Type 5,1.0,1.0,620.0
1707,2023-07-27,2024-04-26,2023-02-02,2023-07-26,1530.0,1530.0,0.0,0.0,Renewed,9 month,No,270.0,False,240,T0122,,,False,False,3.0,,,,,15.0,0.0,0.0,Unit Type 5,1.0,1.0,620.0
2306,2023-07-27,2023-10-31,2022-10-27,2023-07-26,2100.0,2100.0,0.0,0.0,Renewed,3 mo 5 day,No,95.0,False,241,T0012,,,False,False,2.0,4.555555555555555,0.8888888888888888,0.7777777777777778,9.0,24.0,0.0,0.0,Unit Type 13,2.0,1.0,925.0
1201,2023-07-27,2024-07-26,,,,1820.0,,,Did Not Renew,12 month,No,360.0,False,242,T0150,,,True,True,3.0,,,,,8.0,0.0,0.0,Unit Type 11,1.0,1.0,870.0
1201,2023-07-27,2024-07-26,2022-08-01,2023-07-26,1515.0,1820.0,20.13,305.0,Renewed,12 month,No,360.0,False,243,T0150,,,True,True,3.0,,,,,8.0,0.0,0.0,Unit Type 11,1.0,1.0,870.0
1214,2023-07-27,2024-07-26,,,,1630.0,,,Did Not Renew,12 month,No,360.0,False,244,T0151,,,True,True,3.0,,,,,8.0,0.0,0.0,Unit Type 4,1.0,1.0,610.0
2205,2023-08-01,2024-05-31,2022-07-27,2023-07-31,1850.0,2100.0,13.51,250.0,Renewed,10 month,No,300.0,False,245,T0094,,,True,False,4.0,,,,,31.0,0.0,0.0,Unit Type 15,2.0,1.0,975.0
1801,2023-08-12,2024-08-11,2022-08-12,2023-08-11,1378.0,1420.0,3.05,42.0,Renewed,12 month,No,360.0,False,246,T0152,,,False,False,3.0,,,,,3.0,0.0,0.0,Unit Type 1,1.0,1.0,580.0
1406,2023-08-27,2024-08-26,2022-09-01,2023-08-26,2305.0,2555.0,10.85,250.0,Renewed,12 month,No,360.0,False,247,T0030,11.48,0.0,True,True,3.0,5.0,1.0,1.0,1.0,42.0,0.0,0.0,Unit Type 16,2.0,1.0,976.0
1703,2023-08-27,2025-08-26,2021-08-27,2023-08-26,0.0,2080.0,,2080.0,Renewed,24 month,No,720.0,False,248,T0028,10.88,9.0,True,True,3.0,5.0,1.0,1.0,4.0,24.0,0.0,0.0,Unit Type 12,2.0,1.0,925.0
1706,2023-08-27,2024-08-26,2022-09-01,2023-08-26,2000.0,2200.0,10.0,200.0,Renewed,12 month,No,360.0,False,249,T0100,,,True,True,3.0,,,,,14.0,0.0,0.0,Unit Type 13,2.0,1.0,925.0
1804,2023-08-27,2024-08-26,2022-09-01,2023-08-26,1850.0,2100.0,13.51,250.0,Renewed,12 month,No,360.0,False,250,T0031,11.47,0.0,False,False,3.0,5.0,1.0,1.0,2.0,7.0,0.0,0.0,Unit Type 15,2.0,1.0,975.0
1906,2023-08-27,2024-08-26,2022-09-01,2023-08-26,2170.0,2200.0,1.38,30.0,Renewed,12 month,No,360.0,False,251,T0153,2404.24,1.0,True,True,3.0,5.0,1.0,1.0,1.0,8.0,0.0,0.0,Unit Type 13,2.0,1.0,925.0
2206,2023-08-27,2024-08-26,2022-09-01,2023-08-26,2000.0,2200.0,10.0,200.0,Renewed,12 month,No,360.0,False,252,T0070,10.88,4.0,True,True,3.0,5.0,1.0,1.0,1.0,11.0,0.0,0.0,Unit Type 13,2.0,1.0,925.0
2506,2023-08-27,2024-08-26,2022-08-19,2023-08-26,2180.0,2430.0,11.47,250.0,Renewed,12 month,No,360.0,False,253,T0099,10.88,0.0,True,False,2.0,,,,,9.0,0.0,0.0,Unit Type 13,2.0,1.0,925.0
1101,2023-08-27,2024-08-26,2022-09-01,2023-08-26,1520.0,1670.0,9.87,150.0,Renewed,12 month,No,360.0,False,254,T0103,,,True,True,3.0,5.0,1.0,1.0,1.0,16.0,0.0,0.0,Unit Type 11,1.0,1.0,870.0
1402,2023-09-01,2024-08-31,,,,2230.0,,,Did Not Renew,12 month,No,360.0,False,255,T0032,,,True,True,3.0,,,,,12.0,0.0,0.0,Unit Type 9,2.0,1.0,775.0
2005,2023-09-01,2024-02-29,2023-04-27,2023-08-31,0.0,2200.0,,2200.0,Renewed,6 month,No,180.0,False,256,T0101,,,True,True,3.0,4.0,0.6,0.6,5.0,10.0,0.0,0.0,Unit Type 15,2.0,1.0,975.0
2403,2023-09-03,2024-09-02,2022-09-03,2023-09-02,1918.0,2168.0,13.03,250.0,Renewed,12 month,No,360.0,False,257,T0154,,,True,True,3.0,,,,,22.0,0.0,0.0,Unit Type 12,2.0,1.0,925.0
2407,2023-09-07,2024-09-06,2022-09-07,2023-09-06,1380.0,1540.0,11.59,160.0,Renewed,12 month,No,360.0,False,258,T0155,,,True,True,3.0,,,,,5.0,0.0,0.0,Unit Type 5,1.0,1.0,620.0
1110,2023-09-17,2024-09-16,2022-09-17,2023-09-16,1955.0,1955.0,0.0,0.0,Renewed,12 month,No,360.0,False,259,T0156,,,True,True,3.0,,,,,5.0,0.0,0.0,Unit Type 17,2.0,2.0,1020.0
1211,2023-09-17,2024-05-31,2022-09-17,2023-09-16,1930.0,1930.0,0.0,0.0,Renewed,8 mo 15 day,No,255.0,False,260,T0157,,,True,True,3.0,,,,,7.0,0.0,0.0,Unit Type 17,2.0,2.0,1020.0
1213,2023-09-17,2024-09-16,2022-09-17,2023-09-16,1930.0,1930.0,0.0,0.0,Renewed,12 month,No,360.0,False,261,T0158,,,True,True,3.0,5.0,1.0,1.0,2.0,5.0,0.0,0.0,Unit Type 17,2.0,2.0,1020.0
1216,2023-09-17,2024-09-16,2022-09-17,2023-09-16,1380.0,1425.0,3.26,45.0,Renewed,12 month,No,360.0,False,262,T0159,,,True,True,3.0,,,,,5.0,0.0,0.0,Unit Type 3,1.0,1.0,595.0
2103,2023-09-23,2025-09-26,2023-02-27,2024-02-26,0.0,0.0,,0.0,Renewed,24 mo 4 day,Yes,724.0,False,263,T0125,,,True,True,3.0,,,,,9.0,0.0,0.0,Unit Type 12,2.0,1.0,925.0
1503,2023-09-27,2024-09-26,2022-09-27,2023-09-26,0.0,2075.0,,2075.0,Renewed,12 month,No,360.0,False,264,T0106,,,True,True,3.0,5.0,1.0,1.0,4.0,14.0,8.571428571428571,0.0,Unit Type 12,2.0,1.0,925.0
1806,2023-09-27,2024-09-26,,,,2200.0,,,Did Not Renew,12 month,No,360.0,False,265,T0107,,,False,False,2.0,5.0,1.0,1.0,1.0,23.0,0.0,0.0,Unit Type 13,2.0,1.0,925.0
2202,2023-09-27,2024-09-26,2022-10-01,2023-09-26,1385.0,1520.0,9.75,135.0,Renewed,12 month,No,360.0,False,266,T0160,,,True,True,3.0,,,,,5.0,0.0,0.0,Unit Type 5,1.0,1.0,620.0
1209,2023-09-27,2024-09-26,2022-10-01,2023-09-26,0.0,1955.0,,1955.0,Renewed,12 month,No,360.0,False,267,T0161,,,False,False,3.0,,,,,12.0,0.0,0.0,Unit Type 17,2.0,2.0,1020.0
1407,2023-10-01,2024-09-30,2022-10-01,2023-09-30,1655.0,2120.0,28.1,465.0,Renewed,12 month,No,360.0,False,268,T0038,,,,,,,,,,11.0,0.0,0.0,Unit Type 6,1.0,1.0,620.0
1207,2023-10-04,2024-10-03,2022-10-04,2023-10-03,1550.0,1750.0,12.9,200.0,Renewed,12 month,No,360.0,False,269,T0162,,,True,True,3.0,5.0,1.0,1.0,1.0,3.0,0.0,0.0,Unit Type 8,1.0,1.0,755.0
2207,2023-10-07,2024-10-06,2022-10-07,2023-10-06,1460.0,1520.0,4.11,60.0,Renewed,12 month,No,360.0,False,270,T0163,0.0,3.0,True,True,3.0,,,,,9.0,0.0,0.0,Unit Type 5,1.0,1.0,620.0
1102,2023-10-07,2024-09-26,2023-01-28,2024-01-27,0.0,0.0,,0.0,Renewed,11 mo 20 day,Yes,350.0,False,271,T0105,,,True,True,3.0,,,,,9.0,0.0,0.0,Unit Type 10,1.0,1.0,780.0
2201,2023-10-22,2024-10-21,2022-10-22,2023-10-21,1483.0,1500.0,1.15,17.0,Renewed,12 month,No,360.0,False,272,T0164,,,True,True,3.0,5.0,1.0,1.0,1.0,4.0,0.0,0.0,Unit Type 1,1.0,1.0,580.0
1113,2023-10-24,2024-10-23,2022-10-24,2023-10-23,1930.0,1930.0,0.0,0.0,Renewed,12 month,No,360.0,False,273,T0165,,,False,False,3.0,,,,,7.0,0.0,0.0,Unit Type 17,2.0,2.0,1020.0
1404,2023-10-27,2024-10-26,2022-10-27,2023-10-26,0.0,2480.0,,2480.0,Renewed,12 month,No,360.0,False,274,T0036,0.0,7.0,True,True,2.0,4.428571428571429,0.8571428571428571,0.8571428571428571,7.0,45.0,0.0,0.0,Unit Type 14,2.0,1.0,926.0
1404,2023-10-27,2025-10-26,2022-10-27,2023-10-26,0.0,2480.0,,2480.0,Did Not Renew,24 month,No,720.0,False,275,T0036,0.0,7.0,True,True,2.0,4.428571428571429,0.8571428571428571,0.8571428571428571,7.0,45.0,0.0,0.0,Unit Type 14,2.0,1.0,926.0
1902,2023-10-27,2024-10-26,2022-10-27,2023-10-26,1260.0,1490.0,18.25,230.0,Renewed,12 month,No,360.0,False,276,T0112,,,True,True,3.0,,,,,3.0,0.0,0.0,Unit Type 5,1.0,1.0,620.0
2203,2023-10-27,2024-10-26,2022-10-27,2023-10-26,0.0,2280.0,,2280.0,Did Not Renew,12 month,No,360.0,False,277,T0009,,,True,False,3.0,5.0,0.8333333333333334,1.0,6.0,35.0,0.0,0.0,Unit Type 12,2.0,1.0,925.0
2203,2023-10-27,2025-10-26,2022-10-27,2023-10-26,0.0,2280.0,,2280.0,Renewed,24 month,No,720.0,False,278,T0009,,,True,False,3.0,5.0,0.8333333333333334,1.0,6.0,35.0,0.0,0.0,Unit Type 12,2.0,1.0,925.0
2504,2023-10-27,2024-10-26,2022-10-31,2023-10-26,2100.0,2275.0,8.33,175.0,Renewed,12 month,No,360.0,False,279,T0166,7.3,1.0,True,True,3.0,3.0,0.5,0.5,4.0,6.0,0.0,0.0,Unit Type 15,2.0,1.0,975.0
1217,2023-10-27,2024-01-26,2022-10-27,2023-10-26,0.0,1425.0,,1425.0,Renewed,3 month,No,90.0,False,280,T0167,,,True,True,3.0,,,,,8.0,0.0,0.0,Unit Type 3,1.0,1.0,595.0
1217,2023-10-27,2024-10-26,2022-10-27,2023-10-26,0.0,1425.0,,1425.0,Did Not Renew,12 month,No,360.0,False,281,T0167,,,True,True,3.0,,,,,8.0,0.0,0.0,Unit Type 3,1.0,1.0,595.0
1217,2023-10-27,2024-04-26,2023-10-27,2024-01-26,0.0,1425.0,,1425.0,Renewed,6 month,No,180.0,False,282,T0167,,,True,True,3.0,,,,,8.0,0.0,0.0,Unit Type 3,1.0,1.0,595.0
1107,2023-10-29,2024-10-28,2022-10-29,2023-10-28,1475.0,1620.0,9.83,145.0,Renewed,12 month,No,360.0,False,283,T0114,,,True,True,3.0,,,,,17.0,0.0,0.0,Unit Type 8,1.0,1.0,755.0
1124,2023-10-29,2025-10-28,2022-10-29,2023-10-28,0.0,1635.0,,1635.0,Renewed,24 month,No,720.0,False,284,T0115,8.77,0.0,True,True,1.0,,,,,17.0,0.0,0.0,Unit Type 7,1.0,1.0,745.0
1206,2023-10-31,2024-10-30,2022-10-31,2023-10-30,0.0,1695.0,,1695.0,Renewed,12 month,No,360.0,False,285,T0116,,,False,False,3.0,,,,,4.0,0.0,0.0,Unit Type 11,1.0,1.0,870.0
2306,2023-11-01,2024-10-31,2023-07-27,2023-10-31,2100.0,2280.0,8.57,180.0,Renewed,12 month,No,360.0,False,286,T0012,,,False,False,2.0,4.6,0.9,0.8,10.0,25.0,0.0,0.0,Unit Type 13,2.0,1.0,925.0
1602,2023-11-07,2024-11-06,2022-11-07,2023-11-06,1430.0,1450.0,1.4,20.0,Renewed,12 month,No,360.0,False,287,T0168,,,False,True,3.0,,,,,14.0,0.0,0.0,Unit Type 5,1.0,1.0,620.0
2004,2023-11-08,2024-11-07,2023-05-08,2023-11-07,2075.0,2075.0,0.0,0.0,Renewed,12 month,No,360.0,False,288,T0169,,,True,True,4.0,,,,,8.0,0.0,0.0,Unit Type 15,2.0,1.0,975.0
1603,2023-11-14,2024-11-13,2023-05-13,2023-11-13,2200.0,2200.0,0.0,0.0,Renewed,12 month,No,360.0,False,289,T0170,,,True,True,3.0,,,,,16.0,0.0,0.0,Unit Type 12,2.0,1.0,925.0
2503,2023-11-28,2026-11-26,2023-06-27,2024-01-26,0.0,2400.0,,2400.0,Renewed,35 mo 30 day,Yes,1080.0,False,290,T0089,0.0,0.0,True,True,3.0,,,,,14.0,0.0,0.0,Unit Type 12,2.0,1.0,925.0
2107,2023-12-15,2024-06-14,2022-12-15,2023-12-14,1660.0,1660.0,0.0,0.0,Renewed,6 month,No,180.0,False,291,T0171,,,True,True,3.0,,,,,9.0,0.0,0.0,Unit Type 5,1.0,1.0,620.0
1807,2023-12-24,2024-12-23,2022-12-24,2023-12-23,1630.0,1490.0,-8.59,-140.0,Renewed,12 month,No,360.0,False,292,T0172,,,True,True,3.0,,,,,12.0,0.0,0.0,Unit Type 5,1.0,1.0,620.0
1210,2024-01-07,2025-01-06,2023-04-07,2024-01-06,1955.0,1955.0,0.0,0.0,Renewed,12 month,No,360.0,False,293,T0173,,,False,False,2.0,,,,,8.0,0.0,0.0,Unit Type 17,2.0,2.0,1020.0
1210,2024-01-07,2024-07-06,2023-04-07,2024-01-06,1955.0,1955.0,0.0,0.0,Did Not Renew,6 month,No,180.0,False,294,T0173,,,False,False,2.0,,,,,8.0,0.0,0.0,Unit Type 17,2.0,2.0,1020.0
1402,2024-01-12,2025-03-26,2023-10-18,2024-10-26,0.0,0.0,,0.0,Renewed,14 mo 15 day,Yes,435.0,False,295,T0174,,,True,True,3.0,,,,,2.0,0.0,0.0,Unit Type 9,2.0,1.0,775.0
1108,2024-01-15,2025-01-14,2023-01-15,2024-01-14,2003.0,2003.0,0.0,0.0,Renewed,12 month,No,360.0,False,296,T0175,,,True,True,3.0,1.0,0.0,0.0,1.0,5.0,0.0,0.0,Unit Type 17,2.0,2.0,1020.0
1108,2024-01-15,2024-07-14,2023-01-15,2024-01-14,2003.0,2003.0,0.0,0.0,Did Not Renew,6 month,No,180.0,False,297,T0175,,,True,True,3.0,1.0,0.0,0.0,1.0,5.0,0.0,0.0,Unit Type 17,2.0,2.0,1020.0
2204,2024-01-27,2025-01-26,2023-01-27,2024-01-26,1880.0,2130.0,13.3,250.0,Did Not Renew,12 month,No,360.0,False,298,T0119,11.47,1.0,False,False,3.0,5.0,1.0,1.0,4.0,5.0,0.0,0.0,Unit Type 15,2.0,1.0,975.0
2204,2024-01-27,2024-07-26,2023-01-27,2024-01-26,1880.0,1955.0,3.99,75.0,Renewed,6 month,No,180.0,False,299,T0119,11.47,1.0,False,False,3.0,5.0,1.0,1.0,4.0,5.0,0.0,0.0,Unit Type 15,2.0,1.0,975.0
1203,2024-01-27,2026-01-26,2023-01-27,2024-01-26,1475.0,1795.0,21.69,320.0,Renewed,24 month,No,720.0,False,300,T0120,9.18,0.0,True,True,3.0,,,,,9.0,0.0,0.0,Unit Type 10,1.0,1.0,780.0
1204,2024-01-27,2025-01-26,2022-11-01,2024-01-26,1475.0,1795.0,21.69,320.0,Did Not Renew,12 month,No,360.0,False,301,T0121,9.18,0.0,False,False,3.0,,,,,5.0,0.0,0.0,Unit Type 10,1.0,1.0,780.0
1204,2024-01-27,2024-07-26,2022-11-01,2024-01-26,1475.0,1795.0,21.69,320.0,Renewed,6 month,No,180.0,False,302,T0121,9.18,0.0,False,False,3.0,,,,,5.0,0.0,0.0,Unit Type 10,1.0,1.0,780.0
2106,2024-02-01,2025-01-26,2023-04-27,2024-04-26,0.0,0.0,,0.0,Renewed,11 mo 26 day,Yes,356.0,False,303,T0134,,,True,True,3.0,1.0,0.0,1.0,1.0,6.0,0.0,0.0,Unit Type 13,2.0,1.0,925.0
1501,2024-02-24,2025-02-23,2023-02-24,2024-02-23,1545.0,1545.0,0.0,0.0,Did Not Renew,12 month,No,360.0,False,304,T0176,-1564.7,0.0,True,True,3.0,2.0,0.0,0.0,1.0,3.0,0.0,0.0,Unit Type 1,1.0,1.0,580.0
1501,2024-02-24,2024-08-23,2023-02-24,2024-02-23,1545.0,1545.0,0.0,0.0,Renewed,6 month,No,180.0,False,305,T0176,-1564.7,0.0,True,True,3.0,2.0,0.0,0.0,1.0,3.0,0.0,0.0,Unit Type 1,1.0,1.0,580.0
1120,2024-02-27,2025-02-26,,,,1425.0,,,Did Not Renew,12 month,No,360.0,False,306,T0124,,,True,True,3.0,,,,,16.0,0.0,0.0,Unit Type 3,1.0,1.0,595.0
1120,2024-02-27,2024-08-26,,,,1425.0,,,Did Not Renew,6 month,No,180.0,False,307,T0124,,,True,True,3.0,,,,,16.0,0.0,0.0,Unit Type 3,1.0,1.0,595.0
2005,2024-03-01,2025-02-28,2023-09-01,2024-02-29,2200.0,2200.0,0.0,0.0,Did Not Renew,12 month,No,360.0,False,308,T0101,,,True,True,3.0,3.8333333333333335,0.6666666666666666,0.5,6.0,12.0,0.0,0.0,Unit Type 15,2.0,1.0,975.0
2005,2024-03-01,2024-08-31,2023-09-01,2024-02-29,2200.0,2200.0,0.0,0.0,Renewed,6 month,No,180.0,False,309,T0101,,,True,True,3.0,3.8333333333333335,0.6666666666666666,0.5,6.0,12.0,0.0,0.0,Unit Type 15,2.0,1.0,975.0
1403,2024-03-08,2025-03-07,,,,2785.0,,,Did Not Renew,12 month,No,360.0,False,310,T0177,,,False,False,3.0,1.0,0.0,0.0,1.0,27.0,0.0,0.0,Unit Type 16,2.0,1.0,976.0
1502,2024-03-27,2026-03-26,2023-04-01,2024-03-26,1605.0,1605.0,0.0,0.0,Renewed,24 month,No,720.0,False,311,T0178,0.0,1.0,True,True,3.0,5.0,1.0,1.0,1.0,3.0,0.0,0.0,Unit Type 5,1.0,1.0,620.0
1802,2024-03-27,2025-03-26,2023-03-27,2024-03-26,1290.0,1630.0,26.36,340.0,Renewed,12 month,No,360.0,False,312,T0126,153.37,0.0,True,True,3.0,,,,,6.0,0.0,0.0,Unit Type 5,1.0,1.0,620.0
2104,2024-03-27,,2023-03-27,2024-03-26,1880.0,2130.0,13.3,250.0,Month To Month,Month To Month,No,,True,313,T0127,,,False,False,3.0,,,,,6.0,0.0,0.0,Unit Type 15,2.0,1.0,975.0
1205,2024-03-27,2025-03-26,2023-03-27,2024-03-26,0.0,1710.0,,1710.0,Renewed,12 month,No,360.0,False,314,T0130,9.18,0.0,False,False,3.0,,,,,11.0,0.0,0.0,Unit Type 10,1.0,1.0,780.0
1205,2024-03-27,2026-03-26,2023-03-27,2024-03-26,0.0,1710.0,,1710.0,Did Not Renew,24 month,No,720.0,False,315,T0130,9.18,0.0,False,False,3.0,,,,,11.0,0.0,0.0,Unit Type 10,1.0,1.0,780.0
1215,2024-04-01,2025-03-31,,,,1600.0,,,Did Not Renew,12 month,No,360.0,False,316,T0133,,,True,True,3.0,,,,,4.0,0.0,0.0,Unit Type 2,1.0,1.0,580.0
1504,2024-04-02,2025-04-01,2023-04-02,2024-04-01,2175.0,2075.0,-4.6,-100.0,Renewed,12 month,No,360.0,False,317,T0179,,,True,False,3.0,,,,,5.0,0.0,0.0,Unit Type 15,2.0,1.0,975.0
1405,2024-04-13,2025-03-01,2023-10-07,2024-09-30,0.0,0.0,,0.0,Renewed,10 mo 17 day,Yes,317.0,False,318,T0180,,,True,True,1.0,,,,,6.0,0.0,0.0,Unit Type 14,2.0,1.0,926.0
1202,2024-04-16,2025-04-26,2023-10-07,2024-09-26,0.0,0.0,,0.0,Renewed,12 mo 11 day,Yes,371.0,False,319,T0105,,,True,True,3.0,,,,,14.0,0.0,0.0,Unit Type 10,1.0,1.0,780.0
1803,2024-04-22,2025-04-21,,,,2200.0,,,Did Not Renew,12 month,No,360.0,False,320,T0181,,,False,False,3.0,4.5,1.0,0.5,2.0,2.0,0.0,0.0,Unit Type 12,2.0,1.0,925.0
1112,2024-04-24,2025-04-23,2023-03-24,2024-04-23,1930.0,1930.0,0.0,0.0,Renewed,12 month,No,360.0,False,321,T0182,,,True,True,3.0,,,,,5.0,0.0,0.0,Unit Type 17,2.0,2.0,1020.0
1806,2024-04-26,2025-04-11,2023-05-27,2024-05-26,0.0,0.0,,0.0,Renewed,11 mo 17 day,Yes,347.0,False,322,T0058,9.12,0.0,True,True,3.0,5.0,1.0,1.0,3.0,13.0,0.0,0.0,Unit Type 13,2.0,1.0,925.0
1707,2024-04-27,2025-04-26,,,,1530.0,,,Did Not Renew,12 month,No,360.0,False,323,T0122,,,False,False,3.0,,,,,24.0,0.0,0.0,Unit Type 5,1.0,1.0,620.0
2007,2024-04-27,2025-04-26,2023-04-27,2024-04-26,0.0,1490.0,,1490.0,Renewed,12 month,No,360.0,False,324,T0051,7.3,2.0,True,True,3.0,,,,,8.0,0.0,0.0,Unit Type 5,1.0,1.0,620.0
2505,2024-04-27,2025-04-26,2023-04-27,2024-04-26,0.0,2160.0,,2160.0,Renewed,12 month,No,360.0,False,325,T0053,,,True,True,2.0,,,,,11.0,0.0,0.0,Unit Type 15,2.0,1.0,975.0
1217,2024-04-27,2024-10-26,2023-10-27,2024-04-26,0.0,1425.0,,1425.0,Renewed,6 month,No,180.0,False,326,T0167,,,True,True,3.0,,,,,14.0,0.0,0.0,Unit Type 3,1.0,1.0,595.0
1218,2024-05-15,2026-05-26,2024-05-15,2025-05-26,1425.0,1425.0,0.0,0.0,Renewed,24 mo 12 day,Yes,732.0,False,327,T0183,,,True,True,3.0,,,,,,,,Unit Type 3,1.0,1.0,595.0
1105,2024-05-26,2025-05-25,2023-05-26,2024-05-25,1780.0,1795.0,0.84,15.0,Renewed,12 month,No,360.0,False,328,T0184,,,False,False,3.0,,,,,2.0,0.0,0.0,Unit Type 10,1.0,1.0,780.0
1903,2024-05-27,2025-05-26,2023-05-27,2024-05-26,0.0,2200.0,,2200.0,Renewed,12 month,No,360.0,False,329,T0015,0.0,2.0,False,False,3.0,1.0,0.0,0.0,1.0,30.0,4.0,0.0,Unit Type 12,2.0,1.0,925.0
2002,2024-05-27,2025-05-26,2023-05-27,2024-05-26,0.0,1630.0,,1630.0,Renewed,12 month,No,360.0,False,330,T0056,,,True,True,3.0,,,,,3.0,0.0,0.0,Unit Type 5,1.0,1.0,620.0
2305,2024-05-27,2025-05-26,2023-06-01,2024-05-26,2130.0,2130.0,0.0,0.0,Renewed,12 month,No,360.0,False,331,T0185,,,True,True,3.0,,,,,7.0,0.0,0.0,Unit Type 15,2.0,1.0,975.0
1224,2024-05-29,2025-05-28,2023-05-29,2024-05-28,1745.0,1745.0,0.0,0.0,Renewed,12 month,No,360.0,False,332,T0140,,,True,True,1.0,,,,,8.0,0.0,0.0,Unit Type 7,1.0,1.0,745.0
1118,2024-06-01,2025-05-26,2024-05-09,2024-05-10,1425.0,0.0,-100.0,-1425.0,Renewed,11 mo 26 day,Yes,356.0,False,333,T0186,,,True,True,3.0,,,,,,,,Unit Type 3,1.0,1.0,595.0
2003,2024-06-03,2025-06-02,2023-06-03,2024-06-02,2300.0,2200.0,-4.35,-100.0,Renewed,12 month,No,360.0,False,334,T0187,,,False,False,3.0,,,,,3.0,0.0,0.0,Unit Type 12,2.0,1.0,925.0
1604,2024-06-07,2025-06-06,2023-06-07,2024-06-06,2100.0,2100.0,0.0,0.0,Renewed,12 month,No,360.0,False,335,T0188,23.07,0.0,False,False,3.0,,,,,15.0,0.0,0.0,Unit Type 15,2.0,1.0,975.0
2107,2024-06-15,2025-06-14,,,,1660.0,,,Did Not Renew,12 month,No,360.0,False,336,T0171,,,True,True,3.0,,,,,10.0,0.0,0.0,Unit Type 5,1.0,1.0,620.0
1115,2024-06-16,2025-06-15,2023-06-16,2024-06-15,0.0,1425.0,,1425.0,Renewed,12 month,No,360.0,False,337,T0141,,,True,True,3.0,,,,,16.0,0.0,0.0,Unit Type 2,1.0,1.0,580.0
2303,2024-06-17,2024-08-18,2023-06-23,2024-06-22,0.0,0.0,,0.0,Renewed,2 mo 2 day,Yes,62.0,False,338,T0142,,,False,False,3.0,,,,,8.0,0.0,0.0,Unit Type 12,2.0,1.0,925.0
1506,2024-06-27,2024-10-26,2023-07-01,2024-06-26,2075.0,2075.0,0.0,0.0,Renewed,4 month,No,120.0,False,339,T0189,,,True,True,3.0,,,,,1.0,0.0,0.0,Unit Type 13,2.0,1.0,925.0
1606,2024-06-27,2025-06-26,2023-06-27,2024-06-26,2005.0,2300.0,14.71,295.0,Renewed,12 month,No,360.0,False,340,T0143,10.88,0.0,True,True,3.0,,,,,5.0,0.0,0.0,Unit Type 13,2.0,1.0,925.0
1901,2024-06-27,2025-06-26,,,,1570.0,,,Did Not Renew,12 month,No,360.0,False,341,T0144,,,True,True,2.0,,,,,9.0,0.0,0.0,Unit Type 1,1.0,1.0,580.0
2401,2024-06-27,2025-06-26,2023-06-27,2024-06-26,0.0,1510.0,,1510.0,Renewed,12 month,No,360.0,False,342,T0020,,,True,True,2.0,5.0,1.0,1.0,1.0,34.0,0.0,0.0,Unit Type 1,1.0,1.0,580.0
2304,2024-07-03,2026-07-02,2023-07-01,2024-07-02,2130.0,2130.0,0.0,0.0,Renewed,24 month,No,720.0,False,343,T0190,,,True,True,3.0,,,,,5.0,0.0,0.0,Unit Type 15,2.0,1.0,975.0
2402,2024-07-15,2025-07-14,,,,1540.0,,,Did Not Renew,12 month,No,360.0,False,344,T0191,,,True,True,3.0,,,,,1.0,0.0,0.0,Unit Type 5,1.0,1.0,620.0
1607,2024-07-27,2025-07-26,2023-07-27,2024-07-26,0.0,1490.0,,1490.0,Renewed,12 month,No,360.0,False,345,T0149,,,True,True,3.0,,,,,6.0,0.0,0.0,Unit Type 5,1.0,1.0,620.0
2001,2024-07-27,2025-07-26,2023-08-02,2024-07-26,1420.0,1440.0,1.41,20.0,Renewed,12 month,No,360.0,False,346,T0192,,,True,True,3.0,,,,,,,,Unit Type 1,1.0,1.0,580.0
2204,2024-07-27,2025-01-26,2024-01-27,2024-07-26,1955.0,1955.0,0.0,0.0,Renewed,6 month,No,180.0,False,347,T0119,11.47,1.0,False,False,3.0,5.0,1.0,1.0,4.0,5.0,0.0,0.0,Unit Type 15,2.0,1.0,975.0
1204,2024-07-27,2025-07-26,2024-01-27,2024-07-26,0.0,1795.0,,1795.0,Renewed,12 month,No,360.0,False,348,T0121,9.18,0.0,False,False,3.0,,,,,6.0,0.0,0.0,Unit Type 10,1.0,1.0,780.0
1601,2024-07-31,2025-07-30,2023-07-28,2024-07-30,1470.0,1470.0,0.0,0.0,Renewed,12 month,No,360.0,False,349,T0193,,,True,True,3.0,,,,,4.0,0.0,0.0,Unit Type 1,1.0,1.0,580.0
1121,2024-08-01,2025-07-31,,,,1425.0,,,Did Not Renew,12 month,No,360.0,False,350,T0194,,,False,False,3.0,5.0,1.0,1.0,2.0,24.0,0.0,0.0,Unit Type 3,1.0,1.0,595.0
2507,2024-08-04,2025-08-03,2023-08-04,2024-08-03,1615.0,1615.0,0.0,0.0,Renewed,12 month,No,360.0,False,351,T0195,100.16,14.0,True,True,3.0,,,,,2.0,0.0,0.0,Unit Type 5,1.0,1.0,620.0
1220,2024-08-05,2025-08-04,2023-08-05,2024-08-04,1425.0,1425.0,0.0,0.0,Renewed,12 month,No,360.0,False,352,T0196,,,True,True,3.0,,,,,4.0,0.0,0.0,Unit Type 3,1.0,1.0,595.0
1801,2024-08-12,2025-08-11,2023-08-12,2024-08-11,0.0,1470.0,,1470.0,Renewed,12 month,No,360.0,False,353,T0152,,,False,False,3.0,,,,,12.0,0.0,0.0,Unit Type 1,1.0,1.0,580.0
1501,2024-08-24,2025-08-23,2024-02-24,2024-08-23,1545.0,1545.0,0.0,0.0,Renewed,12 month,No,360.0,False,354,T0176,-1564.7,0.0,True,True,3.0,2.0,0.0,0.0,1.0,5.0,0.0,0.0,Unit Type 1,1.0,1.0,580.0
1406,2024-08-27,2025-08-26,2023-08-27,2024-08-26,0.0,2555.0,,2555.0,Renewed,12 month,No,360.0,False,355,T0030,11.48,0.0,True,True,3.0,5.0,1.0,1.0,1.0,44.0,0.0,0.0,Unit Type 16,2.0,1.0,976.0
1406,2024-08-27,2026-08-26,2023-08-27,2024-08-26,0.0,2555.0,,2555.0,Did Not Renew,24 month,No,720.0,False,356,T0030,11.48,0.0,True,True,3.0,5.0,1.0,1.0,1.0,44.0,0.0,0.0,Unit Type 16,2.0,1.0,976.0
1701,2024-08-27,2025-08-26,2023-08-18,2024-08-26,1470.0,1470.0,0.0,0.0,Renewed,12 month,No,360.0,False,357,T0197,,,True,True,3.0,,,,,6.0,0.0,0.0,Unit Type 1,1.0,1.0,580.0
1706,2024-08-27,2026-08-26,2023-08-27,2024-08-26,0.0,2200.0,,2200.0,Renewed,24 month,No,720.0,False,358,T0100,,,True,True,3.0,3.0,0.5,0.5,2.0,28.0,0.0,0.0,Unit Type 13,2.0,1.0,925.0
1804,2024-08-27,2025-08-26,2023-08-27,2024-08-26,0.0,2100.0,,2100.0,Renewed,12 month,No,360.0,False,359,T0031,11.47,0.0,False,False,3.0,3.6666666666666665,0.6666666666666666,0.6666666666666666,3.0,9.0,0.0,0.0,Unit Type 15,2.0,1.0,975.0
1906,2024-08-27,2025-08-26,2023-08-27,2024-08-26,0.0,2200.0,,2200.0,Renewed,12 month,No,360.0,False,360,T0153,2404.24,1.0,True,True,3.0,5.0,1.0,1.0,1.0,11.0,0.0,0.0,Unit Type 13,2.0,1.0,925.0
2506,2024-08-27,2025-08-26,2023-08-27,2024-08-26,0.0,2445.0,,2445.0,Did Not Renew,12 month,No,360.0,False,361,T0099,10.88,0.0,True,False,2.0,,,,,15.0,0.0,0.0,Unit Type 13,2.0,1.0,925.0
2506,2024-08-27,2026-08-26,2023-08-27,2024-08-26,0.0,2445.0,,2445.0,Renewed,24 month,No,720.0,False,362,T0099,10.88,0.0,True,False,2.0,,,,,15.0,0.0,0.0,Unit Type 13,2.0,1.0,925.0
1219,2024-08-27,2025-08-26,2023-08-29,2024-08-26,1465.0,1465.0,0.0,0.0,Renewed,12 month,No,360.0,False,363,T0198,7.0,0.0,True,True,4.0,,,,,4.0,0.0,0.0,Unit Type 3,1.0,1.0,595.0
2005,2024-09-01,2025-08-31,2024-03-01,2024-08-31,2200.0,2200.0,0.0,0.0,Renewed,12 month,No,360.0,False,364,T0101,,,True,True,3.0,3.8333333333333335,0.6666666666666666,0.5,6.0,13.0,0.0,0.0,Unit Type 15,2.0,1.0,975.0
2206,2024-09-01,2025-08-26,2023-08-27,2024-08-26,0.0,2230.0,,2230.0,Renewed,11 mo 26 day,No,356.0,False,365,T0070,10.88,4.0,True,True,3.0,5.0,1.0,1.0,1.0,15.0,0.0,0.0,Unit Type 13,2.0,1.0,925.0
2403,2024-09-03,2025-09-02,2023-09-03,2024-09-02,2168.0,2235.0,3.09,67.0,Renewed,12 month,No,360.0,False,366,T0154,,,True,True,3.0,,,,,32.0,0.0,0.0,Unit Type 12,2.0,1.0,925.0
2303,2024-09-07,2025-09-26,2024-05-27,2025-05-26,0.0,0.0,,0.0,Renewed,12 mo 20 day,Yes,380.0,False,367,T0185,,,True,True,3.0,,,,,12.0,0.0,0.0,Unit Type 12,2.0,1.0,925.0
1110,2024-09-17,2025-09-16,,,,1955.0,,,Did Not Renew,12 month,No,360.0,False,368,T0156,,,True,True,3.0,,,,,6.0,0.0,0.0,Unit Type 17,2.0,2.0,1020.0
1503,2024-09-27,2025-09-26,,,,2075.0,,,Did Not Renew,12 month,No,360.0,False,369,T0106,,,True,True,3.0,5.0,1.0,1.0,6.0,20.0,6.0,0.0,Unit Type 12,2.0,1.0,925.0
1805,2024-09-27,2025-09-26,,,,1985.0,,,Did Not Renew,12 month,No,360.0,False,370,T0199,,,True,True,3.0,,,,,5.0,0.0,0.0,Unit Type 15,2.0,1.0,975.0
2202,2024-09-27,2025-09-26,2023-09-27,2024-09-26,0.0,1520.0,,1520.0,Renewed,12 month,No,360.0,False,371,T0160,,,True,True,3.0,,,,,8.0,0.0,0.0,Unit Type 5,1.0,1.0,620.0
1407,2024-10-01,2025-09-30,2023-10-01,2024-09-30,2120.0,2250.0,6.13,130.0,Did Not Renew,12 month,No,360.0,False,372,T0038,,,,,,,,,,14.0,0.0,0.0,Unit Type 6,1.0,1.0,620.0
1407,2024-10-01,2026-09-30,2023-10-01,2024-09-30,2120.0,2250.0,6.13,130.0,Renewed,24 month,No,720.0,False,373,T0038,,,,,,,,,,14.0,0.0,0.0,Unit Type 6,1.0,1.0,620.0
2103,2024-10-01,2025-09-26,2023-09-23,2024-09-26,2280.0,2280.0,0.0,0.0,Renewed,11 mo 26 day,No,356.0,False,374,T0125,,,True,True,3.0,,,,,18.0,0.0,0.0,Unit Type 12,2.0,1.0,925.0
2207,2024-10-01,2025-09-26,2023-10-07,2024-10-06,1520.0,1520.0,0.0,0.0,Renewed,11 mo 26 day,No,356.0,False,375,T0163,0.0,3.0,True,True,3.0,,,,,18.0,0.0,0.0,Unit Type 5,1.0,1.0,620.0
2407,2024-10-01,2025-09-26,2024-09-07,2024-09-26,1540.0,1540.0,0.0,0.0,Renewed,11 mo 26 day,No,356.0,False,376,T0155,,,True,True,3.0,5.0,1.0,1.0,1.0,11.0,0.0,0.0,Unit Type 5,1.0,1.0,620.0
1207,2024-10-01,2025-09-26,,,,1750.0,,,Did Not Renew,11 mo 26 day,No,356.0,False,377,T0162,,,True,True,3.0,5.0,1.0,1.0,1.0,8.0,0.0,0.0,Unit Type 8,1.0,1.0,755.0
1213,2024-10-01,2025-09-26,2023-09-17,2024-09-16,1930.0,1930.0,0.0,0.0,Renewed,11 mo 26 day,No,356.0,False,378,T0158,,,True,True,3.0,5.0,1.0,1.0,4.0,12.0,0.0,0.0,Unit Type 17,2.0,2.0,1020.0
1213,2024-10-01,,2023-09-17,2024-09-16,1930.0,1930.0,0.0,0.0,Did Not Renew,Month To Month,No,,True,379,T0158,,,True,True,3.0,5.0,1.0,1.0,4.0,12.0,0.0,0.0,Unit Type 17,2.0,2.0,1020.0
1222,2024-10-01,2026-09-30,2023-10-07,2024-09-30,1485.0,1485.0,0.0,0.0,Renewed,24 month,No,720.0,False,380,T0200,0.0,7.0,True,True,3.0,,,,,2.0,0.0,0.0,Unit Type 3,1.0,1.0,595.0
1223,2024-10-01,2025-09-30,,,,1425.0,,,Did Not Renew,12 month,No,360.0,False,381,T0201,,,False,False,1.0,,,,,2.0,0.0,0.0,Unit Type 3,1.0,1.0,595.0
1404,2024-11-01,2025-10-26,2023-10-27,2024-10-26,0.0,2505.0,,2505.0,Renewed,11 mo 26 day,No,356.0,False,382,T0036,0.0,7.0,True,True,2.0,4.428571428571429,0.8571428571428571,0.8571428571428571,7.0,49.0,0.0,0.0,Unit Type 14,2.0,1.0,926.0
1506,2024-11-01,2025-04-26,2024-06-27,2024-10-26,2075.0,2075.0,0.0,0.0,Renewed,5 mo 26 day,No,176.0,False,383,T0189,,,True,True,3.0,,,,,1.0,0.0,0.0,Unit Type 13,2.0,1.0,925.0
1902,2024-11-01,2025-10-26,2023-10-27,2024-10-26,0.0,1490.0,,1490.0,Renewed,11 mo 26 day,No,356.0,False,384,T0112,,,True,True,3.0,,,,,7.0,0.0,0.0,Unit Type 5,1.0,1.0,620.0
2105,2024-11-01,2025-10-26,,,,2130.0,,,Did Not Renew,11 mo 26 day,No,356.0,False,385,T0202,,,True,True,3.0,,,,,11.0,0.0,0.0,Unit Type 15,2.0,1.0,975.0
2201,2024-11-01,2025-10-26,,,,1500.0,,,Did Not Renew,11 mo 26 day,No,356.0,False,386,T0164,,,True,True,3.0,5.0,1.0,1.0,1.0,6.0,0.0,0.0,Unit Type 1,1.0,1.0,580.0
2306,2024-11-01,2025-01-31,2023-11-01,2024-10-31,2280.0,2280.0,0.0,0.0,Renewed,3 month,No,90.0,False,387,T0012,,,False,False,2.0,4.6,0.9,0.8,10.0,27.0,0.0,0.0,Unit Type 13,2.0,1.0,925.0
2406,2024-11-01,2025-10-26,,,,2350.0,,,Did Not Renew,11 mo 26 day,No,356.0,False,388,T0203,,,True,True,3.0,,,,,12.0,0.0,0.0,Unit Type 13,2.0,1.0,925.0
2504,2024-11-01,2025-10-26,2023-10-27,2024-10-26,0.0,2275.0,,2275.0,Renewed,11 mo 26 day,No,356.0,False,389,T0166,7.3,1.0,True,True,3.0,3.0,0.5,0.5,4.0,12.0,0.0,0.0,Unit Type 15,2.0,1.0,975.0
1113,2024-11-01,2025-10-26,2023-10-24,2024-10-23,1930.0,1930.0,0.0,0.0,Renewed,11 mo 26 day,No,356.0,False,390,T0165,,,False,False,3.0,5.0,1.0,1.0,1.0,9.0,0.0,0.0,Unit Type 17,2.0,2.0,1020.0
1123,2024-11-01,2025-10-26,2023-10-08,2024-10-26,1425.0,1425.0,0.0,0.0,Renewed,11 mo 26 day,No,356.0,False,391,T0204,,,True,True,3.0,,,,,13.0,0.0,0.0,Unit Type 3,1.0,1.0,595.0
1206,2024-11-01,2025-10-26,,,,1695.0,,,Did Not Renew,11 mo 26 day,No,356.0,False,392,T0116,,,False,False,3.0,,,,,13.0,0.0,0.0,Unit Type 11,1.0,1.0,870.0
1217,2024-11-01,2025-10-26,,,,1425.0,,,Did Not Renew,11 mo 26 day,No,356.0,False,393,T0167,,,True,True,3.0,,,,,16.0,0.0,0.0,Unit Type 3,1.0,1.0,595.0
1602,2024-11-27,2025-11-26,2023-12-06,2024-11-26,1490.0,1490.0,0.0,0.0,Renewed,12 month,No,360.0,False,394,T0205,,,True,True,3.0,,,,,6.0,0.0,0.0,Unit Type 5,1.0,1.0,620.0
1602,2024-11-27,,2023-12-06,2024-11-26,1490.0,1490.0,0.0,0.0,Did Not Renew,Month To Month,No,,True,395,T0205,,,True,True,3.0,,,,,6.0,0.0,0.0,Unit Type 5,1.0,1.0,620.0
1603,2024-12-01,2025-11-26,,,,2200.0,,,Did Not Renew,11 mo 26 day,No,356.0,False,396,T0170,,,True,True,3.0,,,,,19.0,0.0,0.0,Unit Type 12,2.0,1.0,925.0
1905,2024-12-01,2025-11-26,,,,2100.0,,,Did Not Renew,11 mo 26 day,No,356.0,False,397,T0206,,,True,True,3.0,1.0,1.0,0.0,1.0,10.0,0.0,0.0,Unit Type 15,2.0,1.0,975.0
2004,2024-12-01,2025-11-26,,,,2075.0,,,Did Not Renew,11 mo 26 day,No,356.0,False,398,T0169,,,True,True,4.0,,,,,11.0,0.0,0.0,Unit Type 15,2.0,1.0,975.0
2502,2024-12-01,2025-11-26,2023-11-15,2024-11-26,0.0,1615.0,,1615.0,Renewed,11 mo 26 day,No,356.0,False,399,T0207,,,True,True,3.0,5.0,1.0,1.0,2.0,4.0,0.0,0.0,Unit Type 5,1.0,1.0,620.0
2503,2024-12-01,2025-11-26,2023-11-28,2024-11-26,2400.0,2400.0,0.0,0.0,Renewed,11 mo 26 day,No,356.0,False,400,T0089,0.0,0.0,True,True,3.0,3.0,0.5,0.5,2.0,28.0,0.0,0.0,Unit Type 12,2.0,1.0,925.0
1402,2025-01-01,2025-03-26,2024-01-26,2024-12-26,2000.0,2000.0,0.0,0.0,Renewed,2 mo 26 day,No,86.0,False,401,T0174,,,True,True,3.0,,,,,5.0,0.0,0.0,Unit Type 9,2.0,1.0,775.0
1106,2025-01-01,2025-12-26,2023-12-29,2024-12-26,1820.0,1820.0,0.0,0.0,Renewed,11 mo 26 day,No,356.0,False,402,T0208,,,True,True,3.0,5.0,1.0,1.0,2.0,11.0,0.0,0.0,Unit Type 11,1.0,1.0,870.0
1122,2025-01-01,2025-12-26,2024-01-05,2024-12-26,1485.0,1485.0,0.0,0.0,Renewed,11 mo 26 day,No,356.0,False,403,T0209,10.24,0.0,True,True,3.0,5.0,1.0,1.0,1.0,3.0,0.0,0.0,Unit Type 3,1.0,1.0,595.0
1217,2025-01-06,2025-10-26,2025-01-02,2025-04-01,0.0,0.0,,0.0,Renewed,9 mo 21 day,Yes,291.0,False,404,T0179,,,True,False,3.0,,,,,8.0,0.0,0.0,Unit Type 3,1.0,1.0,595.0
1210,2025-01-07,2025-12-26,2024-01-07,2025-01-06,1955.0,1955.0,0.0,0.0,Renewed,11 mo 20 day,No,350.0,False,405,T0173,,,False,False,2.0,,,,,13.0,0.0,0.0,Unit Type 17,2.0,2.0,1020.0
1108,2025-01-15,2025-12-26,,,,2003.0,,,Did Not Renew,11 mo 12 day,No,342.0,False,406,T0175,,,True,True,3.0,2.0,0.25,0.25,4.0,14.0,0.0,0.0,Unit Type 17,2.0,2.0,1020.0
2204,2025-01-27,2026-01-26,2024-07-27,2025-01-26,1955.0,1955.0,0.0,0.0,Renewed,12 month,No,360.0,False,407,T0119,11.47,1.0,False,False,3.0,4.2,0.8,0.8,5.0,8.0,0.0,0.0,Unit Type 15,2.0,1.0,975.0
2204,2025-01-27,,2024-07-27,2025-01-26,1955.0,1955.0,0.0,0.0,Did Not Renew,Month To Month,No,,True,408,T0119,11.47,1.0,False,False,3.0,4.2,0.8,0.8,5.0,8.0,0.0,0.0,Unit Type 15,2.0,1.0,975.0
1805,2025-02-01,2026-01-26,2024-10-13,2025-09-26,1985.0,1985.0,0.0,0.0,Renewed,11 mo 26 day,No,356.0,False,409,T0024,,,True,True,4.0,,,,,59.0,0.0,0.0,Unit Type 15,2.0,1.0,975.0
2106,2025-02-01,2026-01-26,,,,2280.0,,,Did Not Renew,11 mo 26 day,No,356.0,False,410,T0134,,,True,True,3.0,1.0,0.0,1.0,1.0,11.0,0.0,0.0,Unit Type 13,2.0,1.0,925.0
1208,2025-02-01,2026-01-26,2024-02-01,2025-01-26,1930.0,1930.0,0.0,0.0,Renewed,11 mo 26 day,No,356.0,False,411,T0210,,,False,False,3.0,5.0,1.0,1.0,1.0,12.0,0.0,0.0,Unit Type 17,2.0,2.0,1020.0
2106,2025-02-01,2025-02-28,2025-01-06,2026-01-26,0.0,0.0,,0.0,Renewed,1 month,Yes,30.0,False,412,T0211,,,True,False,3.0,5.0,1.0,1.0,1.0,18.0,0.0,0.0,Unit Type 13,2.0,1.0,925.0
1504,2025-02-17,2026-02-26,2025-04-01,2026-03-26,0.0,0.0,,0.0,Renewed,12 mo 10 day,Yes,370.0,False,413,T0212,,,True,True,4.0,,,,,12.0,0.0,0.0,Unit Type 15,2.0,1.0,975.0
1505,2025-03-27,2026-03-26,2023-03-27,2025-03-26,1690.0,2025.0,19.82,335.0,Renewed,12 month,No,360.0,False,414,T0045,11.47,0.0,True,True,3.0,5.0,0.9285714285714286,1.0,14.0,55.0,2.090909090909091,0.0,Unit Type 15,2.0,1.0,975.0
1505,2025-03-27,,2023-03-27,2025-03-26,1690.0,1932.0,14.32,242.0,Did Not Renew,Month To Month,No,,True,415,T0045,11.47,0.0,True,True,3.0,5.0,0.9285714285714286,1.0,14.0,55.0,2.090909090909091,0.0,Unit Type 15,2.0,1.0,975.0
1205,2025-03-27,2026-03-26,2024-03-27,2025-03-26,0.0,1710.0,,1710.0,Renewed,12 month,No,360.0,False,416,T0130,9.18,0.0,False,False,3.0,,,,,16.0,0.0,0.0,Unit Type 10,1.0,1.0,780.0
1802,2025-04-01,2026-03-26,2024-03-27,2025-03-26,1630.0,1630.0,0.0,0.0,Renewed,11 mo 26 day,No,356.0,False,417,T0126,153.37,0.0,True,True,3.0,,,,,13.0,0.0,0.0,Unit Type 5,1.0,1.0,620.0
1109,2025-04-01,2026-03-26,2024-04-02,2025-03-26,1955.0,1955.0,0.0,0.0,Renewed,11 mo 26 day,No,356.0,False,418,T0212,,,True,True,4.0,,,,,15.0,0.0,0.0,Unit Type 17,2.0,2.0,1020.0
2106,2025-04-01,2026-03-26,2024-06-27,2025-06-25,0.0,0.0,,0.0,Renewed,11 mo 26 day,Yes,356.0,False,419,T0213,,,True,False,4.0,,,,,7.0,0.0,0.0,Unit Type 13,2.0,1.0,925.0
1402,2025-04-12,2026-04-26,2024-04-26,2025-04-11,0.0,1850.0,,1850.0,Renewed,12 mo 15 day,Yes,375.0,False,420,T0058,9.12,0.0,True,True,3.0,5.0,1.0,1.0,4.0,30.0,0.0,0.0,Unit Type 9,2.0,1.0,775.0
1806,2025-04-18,2026-10-26,2025-04-27,2026-10-26,0.0,1850.0,,1850.0,Renewed,18 mo 9 day,Yes,549.0,False,421,T0011,0.0,0.0,True,True,3.0,,,,,45.0,0.0,0.0,Unit Type 13,2.0,1.0,925.0
1907,2025-04-27,2026-10-26,2023-04-27,2025-04-26,0.0,1492.0,,1492.0,Renewed,18 month,No,540.0,False,422,T0011,0.0,0.0,True,True,3.0,,,,,46.0,0.0,0.0,Unit Type 5,1.0,1.0,620.0
1506,2025-05-01,2025-08-26,2024-11-01,2025-04-26,2075.0,2075.0,0.0,0.0,Renewed,3 mo 26 day,No,116.0,False,423,T0189,,,True,True,3.0,,,,,5.0,0.0,0.0,Unit Type 13,2.0,1.0,925.0
2007,2025-05-01,2026-04-26,2024-04-27,2025-04-26,0.0,1490.0,,1490.0,Renewed,11 mo 26 day,No,356.0,False,424,T0051,7.3,2.0,True,True,3.0,,,,,12.0,0.0,0.0,Unit Type 5,1.0,1.0,620.0
1112,2025-05-01,2026-04-26,2024-04-24,2025-04-23,1930.0,1930.0,0.0,0.0,Renewed,11 mo 26 day,No,356.0,False,425,T0182,,,True,True,3.0,,,,,12.0,0.0,0.0,Unit Type 17,2.0,2.0,1020.0
1120,2025-05-01,2026-04-26,2024-05-03,2025-04-26,1425.0,1425.0,0.0,0.0,Renewed,11 mo 26 day,No,356.0,False,426,T0214,,,False,False,3.0,,,,,4.0,0.0,0.0,Unit Type 3,1.0,1.0,595.0
1707,2025-06-01,2026-05-26,,,,1490.0,,,Did Not Renew,11 mo 26 day,No,356.0,False,427,T0215,,,True,True,3.0,,,,,1.0,0.0,0.0,Unit Type 5,1.0,1.0,620.0
1803,2025-06-01,2026-05-26,2024-05-18,2025-05-26,2200.0,2200.0,0.0,0.0,Renewed,11 mo 26 day,No,356.0,False,428,T0216,,,True,True,4.0,,,,,10.0,0.0,0.0,Unit Type 12,2.0,1.0,925.0
1903,2025-06-01,2026-05-26,2024-05-27,2025-05-26,0.0,2200.0,,2200.0,Renewed,11 mo 26 day,No,356.0,False,429,T0015,0.0,2.0,False,False,3.0,1.0,0.0,0.0,1.0,33.0,3.6363636363636362,0.0,Unit Type 12,2.0,1.0,925.0
1904,2025-06-01,2026-05-31,2024-05-24,2025-05-26,1985.0,1985.0,0.0,0.0,Renewed,12 month,No,360.0,False,430,T0217,100.24,2.0,False,True,3.0,,,,,16.0,0.0,0.0,Unit Type 15,2.0,1.0,975.0
2002,2025-06-01,2026-05-26,2024-05-27,2025-05-26,1630.0,1630.0,0.0,0.0,Renewed,11 mo 26 day,No,356.0,False,431,T0056,,,True,True,3.0,,,,,3.0,0.0,0.0,Unit Type 5,1.0,1.0,620.0
1102,2025-06-01,2026-05-26,2024-05-15,2025-05-26,1795.0,1795.0,0.0,0.0,Renewed,11 mo 26 day,No,356.0,False,432,T0218,,,False,False,3.0,5.0,1.0,1.0,1.0,33.0,0.0,0.0,Unit Type 10,1.0,1.0,780.0
1218,2025-06-01,2026-05-26,2024-05-15,2025-05-26,1425.0,1425.0,0.0,0.0,Renewed,11 mo 26 day,No,356.0,False,433,T0183,,,True,True,3.0,2.0,0.0,0.0,1.0,17.0,0.0,0.0,Unit Type 3,1.0,1.0,595.0
1224,2025-06-01,2026-05-26,,,,1745.0,,,Did Not Renew,11 mo 26 day,No,356.0,False,434,T0140,,,True,True,1.0,2.0,0.0,0.0,1.0,20.0,0.0,0.0,Unit Type 7,1.0,1.0,745.0
1604,2025-06-07,2026-05-26,2024-06-07,2025-06-06,2100.0,2100.0,0.0,0.0,Renewed,11 mo 20 day,No,350.0,False,435,T0188,23.07,0.0,False,False,3.0,3.0,1.0,0.0,1.0,25.0,0.0,0.0,Unit Type 15,2.0,1.0,975.0
1115,2025-06-16,2026-06-26,,,,1425.0,,,Did Not Renew,12 mo 11 day,No,371.0,False,436,T0141,,,True,True,3.0,,,,,30.0,0.0,0.0,Unit Type 2,1.0,1.0,580.0
1118,2025-06-20,2026-07-20,2024-06-22,2025-06-26,1930.0,1425.0,-26.17,-505.0,Renewed,13 mo 1 day,Yes,391.0,False,437,T0219,7.0,0.0,True,True,3.0,,,,,3.0,0.0,0.0,Unit Type 3,1.0,1.0,595.0
1403,2025-07-01,2026-06-26,2024-06-29,2025-06-26,2785.0,2685.0,-3.59,-100.0,Renewed,11 mo 26 day,No,356.0,False,438,T0220,,,True,True,3.0,,,,,33.0,0.0,0.0,Unit Type 16,2.0,1.0,976.0
1606,2025-07-01,2026-06-26,2024-06-27,2025-06-26,2300.0,2300.0,0.0,0.0,Renewed,11 mo 26 day,No,356.0,False,439,T0143,10.88,0.0,True,True,3.0,,,,,7.0,0.0,0.0,Unit Type 13,2.0,1.0,925.0
2104,2025-07-01,2026-06-26,2024-06-08,2025-06-26,2015.0,2015.0,0.0,0.0,Renewed,11 mo 26 day,No,356.0,False,440,T0221,0.0,0.0,True,True,3.0,,,,,15.0,0.0,0.0,Unit Type 15,2.0,1.0,975.0
2205,2025-07-01,2026-06-26,,,,2015.0,,,Did Not Renew,11 mo 26 day,No,356.0,False,441,T0222,,,True,True,3.0,,,,,2.0,0.0,0.0,Unit Type 15,2.0,1.0,975.0
1103,2025-07-01,2026-06-26,2024-07-03,2025-06-26,1795.0,1795.0,0.0,0.0,Renewed,11 mo 26 day,No,356.0,False,442,T0223,9.18,0.0,False,False,3.0,,,,,8.0,0.0,0.0,Unit Type 10,1.0,1.0,780.0
1507,2025-08-01,2026-03-26,2024-07-26,2025-07-26,1465.0,1465.0,0.0,0.0,Renewed,7 mo 26 day,No,236.0,False,443,T0224,,,False,False,3.0,,,,,25.0,0.0,0.0,Unit Type 5,1.0,1.0,620.0
1702,2025-08-01,2026-07-26,2024-08-01,2025-07-26,1490.0,1490.0,0.0,0.0,Renewed,11 mo 26 day,No,356.0,False,444,T0225,11.47,0.0,False,False,3.0,,,,,10.0,0.0,0.0,Unit Type 5,1.0,1.0,620.0
1901,2025-08-01,2026-07-26,,,,1470.0,,,Did Not Renew,11 mo 26 day,No,356.0,False,445,T0226,,,True,True,3.0,,,,,15.0,0.0,0.0,Unit Type 1,1.0,1.0,580.0
2102,2025-08-01,2026-10-26,2024-07-25,2025-07-24,1520.0,1520.0,0.0,0.0,Did Not Renew,14 mo 26 day,No,446.0,False,446,T0227,,,True,True,1.0,,,,,7.0,0.0,0.0,Unit Type 5,1.0,1.0,620.0
2102,2025-08-01,,2024-07-25,2025-07-24,1520.0,1520.0,0.0,0.0,Month To Month,Month To Month,No,,True,447,T0227,,,True,True,1.0,,,,,7.0,0.0,0.0,Unit Type 5,1.0,1.0,620.0
2107,2025-08-01,2026-07-26,2024-07-30,2025-07-26,1520.0,1520.0,0.0,0.0,Renewed,11 mo 26 day,No,356.0,False,448,T0228,7.3,0.0,False,False,3.0,,,,,12.0,0.0,0.0,Unit Type 5,1.0,1.0,620.0
2303,2025-08-01,2026-07-26,2024-09-07,2025-07-26,2280.0,2280.0,0.0,0.0,Renewed,11 mo 26 day,No,356.0,False,449,T0185,,,True,True,3.0,,,,,25.0,0.0,0.0,Unit Type 12,2.0,1.0,925.0
2307,2025-08-01,2026-07-26,2024-07-27,2025-07-26,1520.0,1520.0,0.0,0.0,Renewed,11 mo 26 day,No,356.0,False,450,T0229,0.0,1.0,True,True,3.0,,,,,3.0,0.0,0.0,Unit Type 5,1.0,1.0,620.0
2401,2025-08-01,2026-07-26,2024-08-01,2025-07-26,1520.0,1520.0,0.0,0.0,Renewed,11 mo 26 day,No,356.0,False,451,T0230,6.83,0.0,True,False,3.0,,,,,18.0,0.0,0.0,Unit Type 1,1.0,1.0,580.0
2402,2025-08-01,2026-07-26,2024-07-20,2025-07-26,0.0,1540.0,,1540.0,Renewed,11 mo 26 day,No,356.0,False,452,T0231,0.0,1.0,True,True,3.0,,,,,19.0,0.0,0.0,Unit Type 5,1.0,1.0,620.0
2404,2025-08-01,2026-07-26,2024-07-19,2025-07-26,2035.0,2035.0,0.0,0.0,Renewed,11 mo 26 day,No,356.0,False,453,T0232,11.47,0.0,True,True,3.0,5.0,1.0,1.0,1.0,7.0,0.0,0.0,Unit Type 15,2.0,1.0,975.0
1117,2025-08-01,2026-07-26,2024-07-13,2025-07-31,1425.0,1425.0,0.0,0.0,Renewed,11 mo 26 day,No,356.0,False,454,T0233,7.0,0.0,True,True,4.0,,,,,14.0,0.0,0.0,Unit Type 3,1.0,1.0,595.0
1121,2025-08-01,2026-07-26,2024-08-09,2025-07-26,1425.0,1425.0,0.0,0.0,Renewed,11 mo 26 day,No,356.0,False,455,T0234,7.0,0.0,True,True,4.0,,,,,9.0,0.0,0.0,Unit Type 3,1.0,1.0,595.0
1204,2025-08-01,2026-07-26,2024-07-27,2025-07-26,1795.0,1795.0,0.0,0.0,Renewed,11 mo 26 day,No,356.0,False,456,T0121,9.18,0.0,False,False,3.0,5.0,1.0,1.0,1.0,9.0,0.0,0.0,Unit Type 10,1.0,1.0,780.0
2507,2025-08-04,2026-07-26,2024-08-04,2025-08-03,1615.0,1615.0,0.0,0.0,Renewed,11 mo 23 day,No,353.0,False,457,T0195,100.16,14.0,True,True,3.0,,,,,3.0,0.0,0.0,Unit Type 5,1.0,1.0,620.0
2305,2025-08-27,2026-08-26,2024-09-13,2025-08-26,2015.0,2015.0,0.0,0.0,Renewed,12 month,No,360.0,False,458,T0235,0.0,0.0,True,True,3.0,3.0,0.5,0.0,2.0,33.0,0.0,0.0,Unit Type 15,2.0,1.0,975.0
2305,2025-08-27,,2024-09-13,2025-08-26,2015.0,2015.0,0.0,0.0,Did Not Renew,Month To Month,No,,True,459,T0235,0.0,0.0,True,True,3.0,3.0,0.5,0.0,2.0,33.0,0.0,0.0,Unit Type 15,2.0,1.0,975.0
1219,2025-08-27,2026-08-26,2024-08-27,2025-08-26,1465.0,1465.0,0.0,0.0,Renewed,12 month,No,360.0,False,460,T0198,7.0,0.0,True,True,4.0,,,,,6.0,0.0,0.0,Unit Type 3,1.0,1.0,595.0
1406,2025-09-01,2026-08-26,2024-08-27,2025-08-26,2555.0,2555.0,0.0,0.0,Renewed,11 mo 26 day,No,356.0,False,461,T0030,11.48,0.0,True,True,3.0,5.0,1.0,1.0,1.0,73.0,0.0,0.0,Unit Type 16,2.0,1.0,976.0
1501,2025-09-01,2026-08-26,,,,1545.0,,,Did Not Renew,11 mo 26 day,No,356.0,False,462,T0176,-1564.7,0.0,True,True,3.0,1.5,0.0,0.0,2.0,7.0,0.0,0.0,Unit Type 1,1.0,1.0,580.0
1501,2025-09-01,2026-08-31,2024-08-24,2025-08-23,1545.0,1545.0,0.0,0.0,Renewed,12 month,No,360.0,False,463,T0176,-1564.7,0.0,True,True,3.0,1.5,0.0,0.0,2.0,7.0,0.0,0.0,Unit Type 1,1.0,1.0,580.0
1501,2025-09-01,,2024-08-24,2025-08-23,1545.0,1545.0,0.0,0.0,Did Not Renew,Month To Month,No,,True,464,T0176,-1564.7,0.0,True,True,3.0,1.5,0.0,0.0,2.0,7.0,0.0,0.0,Unit Type 1,1.0,1.0,580.0
1703,2025-09-01,2026-08-26,2023-08-27,2025-08-26,0.0,2200.0,,2200.0,Renewed,11 mo 26 day,No,356.0,False,465,T0028,10.88,9.0,True,True,3.0,5.0,1.0,1.0,4.0,25.0,0.0,0.0,Unit Type 12,2.0,1.0,925.0
1801,2025-09-01,2026-08-31,2024-08-12,,1420.0,1470.0,3.52,50.0,Renewed,12 month,No,360.0,False,466,T0152,,,False,False,3.0,,,,,39.0,0.0,0.0,Unit Type 1,1.0,1.0,580.0
1804,2025-09-01,2026-08-26,2024-08-27,2025-08-26,2100.0,2100.0,0.0,0.0,Renewed,11 mo 26 day,No,356.0,False,467,T0031,11.47,0.0,False,False,3.0,3.6666666666666665,0.6666666666666666,0.6666666666666666,6.0,21.0,0.0,0.0,Unit Type 15,2.0,1.0,975.0
1906,2025-09-01,2026-08-26,2024-08-27,2025-08-26,2200.0,2200.0,0.0,0.0,Renewed,11 mo 26 day,No,356.0,False,468,T0153,2404.24,1.0,True,True,3.0,5.0,1.0,1.0,2.0,17.0,0.0,0.0,Unit Type 13,2.0,1.0,925.0
2206,2025-09-01,2026-08-26,2024-09-01,2025-08-26,2230.0,2230.0,0.0,0.0,Renewed,11 mo 26 day,No,356.0,False,469,T0070,10.88,4.0,True,True,3.0,5.0,1.0,1.0,1.0,21.0,0.0,0.0,Unit Type 13,2.0,1.0,925.0
1116,2025-09-01,2026-08-26,2024-08-10,2025-08-26,1425.0,1425.0,0.0,0.0,Renewed,11 mo 26 day,No,356.0,False,470,T0236,1.55,0.0,True,True,3.0,5.0,1.0,1.0,1.0,17.0,0.0,0.0,Unit Type 3,1.0,1.0,595.0
2403,2025-09-03,2026-08-26,,,,2235.0,,,Did Not Renew,11 mo 24 day,No,354.0,False,471,T0154,,,True,True,3.0,,,,,40.0,0.0,0.0,Unit Type 12,2.0,1.0,925.0
1503,2025-10-01,2026-09-26,2024-10-05,2025-09-26,2075.0,2075.0,0.0,0.0,Renewed,11 mo 26 day,No,356.0,False,472,T0237,,,True,True,3.0,,,,,5.0,0.0,0.0,Unit Type 12,2.0,1.0,925.0
1801,2025-10-01,,2025-09-01,2026-08-31,1470.0,1470.0,0.0,0.0,Month To Month,Month To Month,No,,True,473,T0152,,,False,False,3.0,,,,,41.0,0.0,0.0,Unit Type 1,1.0,1.0,580.0
1807,2025-10-01,2026-09-26,2024-10-05,2025-09-26,1520.0,1520.0,0.0,0.0,Renewed,11 mo 26 day,No,356.0,False,474,T0238,7.3,0.0,True,True,3.0,,,,,7.0,0.0,0.0,Unit Type 5,1.0,1.0,620.0
2202,2025-10-01,2026-09-26,2024-09-27,2025-09-26,1520.0,1520.0,0.0,0.0,Renewed,11 mo 26 day,No,356.0,False,475,T0160,,,True,True,3.0,5.0,1.0,1.0,1.0,13.0,0.0,0.0,Unit Type 5,1.0,1.0,620.0
2207,2025-10-01,2026-09-26,2024-10-01,2025-09-26,1520.0,1520.0,0.0,0.0,Renewed,11 mo 26 day,No,356.0,False,476,T0163,0.0,3.0,True,True,3.0,,,,,29.0,0.0,0.0,Unit Type 5,1.0,1.0,620.0
2407,2025-10-01,2026-09-26,,,,1540.0,,,Did Not Renew,11 mo 26 day,No,356.0,False,477,T0155,,,True,True,3.0,5.0,1.0,1.0,1.0,22.0,0.0,0.0,Unit Type 5,1.0,1.0,620.0
1202,2025-10-01,2026-09-26,2024-10-01,2025-09-26,1695.0,1695.0,0.0,0.0,Renewed,11 mo 26 day,No,356.0,False,478,T0239,0.0,1.0,True,True,3.0,5.0,1.0,1.0,1.0,9.0,0.0,0.0,Unit Type 10,1.0,1.0,780.0
1216,2025-10-01,2026-09-26,2024-09-23,2025-09-26,1425.0,1425.0,0.0,0.0,Renewed,11 mo 26 day,No,356.0,False,479,T0240,,,True,True,3.0,,,,,2.0,0.0,0.0,Unit Type 3,1.0,1.0,595.0
1404,2025-10-27,2026-10-26,2024-11-01,2025-10-26,2505.0,2505.0,0.0,0.0,Renewed,12 month,No,360.0,False,480,T0036,0.0,7.0,True,True,2.0,4.428571428571429,0.8571428571428571,0.8571428571428571,7.0,68.0,0.0,0.0,Unit Type 14,2.0,1.0,926.0
2105,2025-10-27,2026-10-26,,,,2015.0,,,Did Not Renew,12 month,No,360.0,False,481,T0241,,,True,True,3.0,3.0,0.0,1.0,1.0,9.0,0.0,0.0,Unit Type 15,2.0,1.0,975.0
2406,2025-10-27,2026-05-26,2024-11-16,2025-10-26,2350.0,2350.0,0.0,0.0,Renewed,7 month,No,210.0,False,482,T0242,,,True,True,3.0,1.0,0.0,0.0,1.0,13.0,0.0,0.0,Unit Type 13,2.0,1.0,925.0
1123,2025-10-27,2026-10-26,2024-11-01,2025-10-26,1425.0,1425.0,0.0,0.0,Renewed,12 month,No,360.0,False,483,T0204,,,True,True,3.0,,,,,14.0,0.0,0.0,Unit Type 3,1.0,1.0,595.0
1206,2025-10-27,2026-10-26,2024-11-15,2025-10-26,1725.0,1725.0,0.0,0.0,Renewed,12 month,No,360.0,False,484,T0243,0.0,13.0,True,True,3.0,5.0,1.0,1.0,1.0,2.0,0.0,0.0,Unit Type 11,1.0,1.0,870.0
1223,2025-10-27,2026-10-26,,,,1425.0,,,Did Not Renew,12 month,No,360.0,False,485,T0244,,,True,True,3.0,5.0,1.0,1.0,1.0,12.0,0.0,0.0,Unit Type 3,1.0,1.0,595.0
1124,2025-10-29,2026-10-28,2023-10-29,2025-10-28,0.0,1635.0,,1635.0,Renewed,12 month,No,360.0,False,486,T0115,8.77,0.0,True,True,1.0,2.0,1.0,0.0,1.0,26.0,0.0,0.0,Unit Type 7,1.0,1.0,745.0
1603,2025-11-27,2026-11-26,2024-11-20,2025-11-26,2200.0,2200.0,0.0,0.0,Renewed,12 month,No,360.0,False,487,T0245,,,True,True,3.0,,,,,35.0,0.0,0.0,Unit Type 12,2.0,1.0,925.0
2502,2025-11-27,2026-11-26,2024-12-01,2025-11-26,1615.0,1615.0,0.0,0.0,Renewed,12 month,No,360.0,False,488,T0207,,,True,True,3.0,5.0,1.0,1.0,3.0,11.0,0.0,0.0,Unit Type 5,1.0,1.0,620.0
2503,2025-11-27,2026-11-26,2024-12-01,2025-11-26,2400.0,2400.0,0.0,0.0,Renewed,12 month,No,360.0,False,489,T0089,0.0,0.0,True,True,3.0,3.0,0.5,0.5,2.0,33.0,0.0,0.0,Unit Type 12,2.0,1.0,925.0
1104,2025-11-27,2026-11-26,2024-12-01,2025-11-26,1595.0,1625.0,1.88,30.0,Renewed,12 month,No,360.0,False,490,T0246,0.0,0.0,True,True,1.0,,,,,3.0,0.0,0.0,Unit Type 10,1.0,1.0,780.0
1201,2025-11-27,2026-11-26,,,,1725.0,,,Did Not Renew,12 month,No,360.0,False,491,T0247,,,True,True,4.0,,,,,5.0,0.0,0.0,Unit Type 11,1.0,1.0,870.0
1201,2025-12-26,2026-12-25,2024-01-05,2025-12-26,0.0,1575.0,,1575.0,Renewed,12 month,Yes,360.0,False,492,T0209,10.24,0.0,True,True,3.0,5.0,1.0,1.0,1.0,8.0,0.0,0.0,Unit Type 11,1.0,1.0,870.0
1106,2025-12-27,2026-12-26,2025-01-01,2025-12-26,1820.0,1820.0,0.0,0.0,Renewed,12 month,No,360.0,False,493,T0208,,,True,True,3.0,5.0,1.0,1.0,3.0,26.0,0.0,0.0,Unit Type 11,1.0,1.0,870.0
1210,2025-12-27,2026-12-26,,,,1955.0,,,Did Not Renew,12 month,No,360.0,False,494,T0173,,,False,False,2.0,,,,,27.0,0.0,0.0,Unit Type 17,2.0,2.0,1020.0
1805,2026-01-27,2026-03-26,2025-02-01,2026-01-26,1985.0,1985.0,0.0,0.0,Renewed,2 month,No,60.0,False,495,T0024,,,True,True,4.0,,,,,68.0,0.0,0.0,Unit Type 15,2.0,1.0,975.0
2201,2026-01-27,2027-01-26,2025-01-17,2026-01-26,1500.0,1500.0,0.0,0.0,Renewed,12 month,No,360.0,False,496,T0248,0.0,0.0,False,True,3.0,,,,,4.0,0.0,0.0,Unit Type 1,1.0,1.0,580.0
2204,2026-01-27,2027-01-26,2025-01-27,2026-01-26,1955.0,2015.0,3.07,60.0,Renewed,12 month,No,360.0,False,497,T0119,11.47,1.0,False,False,3.0,4.428571428571429,0.8571428571428571,0.8571428571428571,7.0,16.0,0.0,0.0,Unit Type 15,2.0,1.0,975.0
2405,2026-01-27,2027-01-26,2025-01-31,2026-01-26,2035.0,2035.0,0.0,0.0,Renewed,12 month,No,360.0,False,498,T0249,11.47,1.0,True,True,3.0,,,,,5.0,0.0,0.0,Unit Type 15,2.0,1.0,975.0
1203,2026-01-27,2027-01-26,2024-01-27,2026-01-26,0.0,1795.0,,1795.0,Renewed,12 month,No,360.0,False,499,T0120,9.18,0.0,True,True,3.0,,,,,24.0,0.0,0.0,Unit Type 10,1.0,1.0,780.0
1207,2026-01-27,2027-01-26,,,,1650.0,,,Pending,12 month,No,360.0,False,500,T0250,-11.74,0.0,True,True,3.0,,,,,2.0,0.0,0.0,Unit Type 8,1.0,1.0,755.0
2306,2026-02-26,2027-02-25,2025-03-08,2026-02-25,2280.0,2280.0,0.0,0.0,Renewed,12 month,No,360.0,False,501,T0251,10.88,0.0,True,True,3.0,,,,,21.0,0.0,0.0,Unit Type 13,2.0,1.0,925.0
1504,2026-02-27,2027-02-26,,,,1960.0,,,Did Not Renew,12 month,No,360.0,False,502,T0212,,,True,True,4.0,1.0,0.0,0.0,1.0,28.0,0.0,0.0,Unit Type 15,2.0,1.0,975.0
1107,2026-02-27,2027-02-26,,,,1650.0,,,Pending,12 month,No,360.0,False,503,T0252,,,True,False,3.0,,,,,29.0,0.0,0.0,Unit Type 8,1.0,1.0,755.0
1502,2026-03-27,2027-03-26,2024-03-27,2026-03-26,1605.0,1605.0,0.0,0.0,Did Not Renew,12 month,No,360.0,False,504,T0178,0.0,1.0,True,True,3.0,5.0,1.0,1.0,1.0,22.0,0.0,0.0,Unit Type 5,1.0,1.0,620.0
1502,2026-03-27,2027-06-26,2024-03-27,2026-03-26,1605.0,1445.0,-9.97,-160.0,Renewed,15 month,No,450.0,False,505,T0178,0.0,1.0,True,True,3.0,5.0,1.0,1.0,1.0,22.0,0.0,0.0,Unit Type 5,1.0,1.0,620.0
1502,2026-03-27,2027-09-26,2024-03-27,2026-03-26,1605.0,1445.0,-9.97,-160.0,Did Not Renew,18 month,No,540.0,False,506,T0178,0.0,1.0,True,True,3.0,5.0,1.0,1.0,1.0,22.0,0.0,0.0,Unit Type 5,1.0,1.0,620.0
1502,2026-03-27,2026-12-26,2024-03-27,2026-03-26,1605.0,1790.0,11.53,185.0,Did Not Renew,9 month,No,270.0,False,507,T0178,0.0,1.0,True,True,3.0,5.0,1.0,1.0,1.0,22.0,0.0,0.0,Unit Type 5,1.0,1.0,620.0
1507,2026-03-27,2027-03-26,,,,1465.0,,,Did Not Renew,12 month,No,360.0,False,508,T0224,,,False,False,3.0,,,,,32.0,0.0,0.0,Unit Type 5,1.0,1.0,620.0
1802,2026-03-27,2027-03-26,,,,1630.0,,,Pending,12 month,No,360.0,False,509,T0126,153.37,0.0,True,True,3.0,,,,,18.0,0.0,0.0,Unit Type 5,1.0,1.0,620.0
1805,2026-03-27,2027-03-26,,,,1985.0,,,Did Not Renew,12 month,No,360.0,False,510,T0024,,,True,True,4.0,,,,,72.0,0.0,0.0,Unit Type 15,2.0,1.0,975.0
2006,2026-03-27,2027-03-26,2025-04-16,2026-03-26,2200.0,2200.0,0.0,0.0,Renewed,12 month,No,360.0,False,511,T0253,10.88,0.0,False,True,3.0,,,,,14.0,0.0,0.0,Unit Type 13,2.0,1.0,925.0
2106,2026-03-27,2027-03-26,,,,2280.0,,,Did Not Renew,12 month,No,360.0,False,512,T0213,,,True,False,4.0,,,,,32.0,0.0,0.0,Unit Type 13,2.0,1.0,925.0
1205,2026-03-27,2027-03-26,2025-03-27,2026-03-26,1710.0,1710.0,0.0,0.0,Renewed,12 month,No,360.0,False,513,T0130,9.18,0.0,False,False,3.0,,,,,23.0,0.0,0.0,Unit Type 10,1.0,1.0,780.0
1215,2026-03-27,2027-03-26,2025-04-07,2026-03-26,1415.0,1415.0,0.0,0.0,Renewed,12 month,No,360.0,False,514,T0254,6.83,0.0,True,True,3.0,,,,,4.0,0.0,0.0,Unit Type 2,1.0,1.0,580.0
2103,2026-03-30,2026-09-29,2025-09-30,2026-03-29,2280.0,2280.0,0.0,0.0,Renewed,6 month,No,180.0,False,515,T0255,0.0,1.0,True,True,3.0,,,,,11.0,0.0,0.0,Unit Type 12,2.0,1.0,925.0
1505,2026-04-01,2027-03-26,2025-03-27,2026-03-26,2025.0,1990.0,-1.73,-35.0,Renewed,11 mo 26 day,No,356.0,False,516,T0045,11.47,0.0,True,True,3.0,5.0,0.9285714285714286,1.0,14.0,58.0,1.9827586206896552,0.0,Unit Type 15,2.0,1.0,975.0
1402,2026-04-27,2027-04-26,,,,1900.0,,,Pending,12 month,No,360.0,False,517,T0058,9.12,0.0,True,True,3.0,5.0,1.0,1.0,5.0,47.0,0.0,0.0,Unit Type 9,2.0,1.0,775.0
1402,2026-04-27,2027-01-26,,,,2185.0,,,Pending,9 month,No,270.0,False,518,T0058,9.12,0.0,True,True,3.0,5.0,1.0,1.0,5.0,47.0,0.0,0.0,Unit Type 9,2.0,1.0,775.0
1402,2026-04-27,2027-07-26,,,,1710.0,,,Pending,15 month,No,450.0,False,519,T0058,9.12,0.0,True,True,3.0,5.0,1.0,1.0,5.0,47.0,0.0,0.0,Unit Type 9,2.0,1.0,775.0
1402,2026-04-27,2027-10-26,,,,1710.0,,,Pending,18 month,No,540.0,False,520,T0058,9.12,0.0,True,True,3.0,5.0,1.0,1.0,5.0,47.0,0.0,0.0,Unit Type 9,2.0,1.0,775.0
1905,2026-04-27,2027-04-26,,,,1985.0,,,Pending,12 month,No,360.0,False,521,T0256,0.0,0.0,True,True,3.0,,,,,15.0,0.0,0.0,Unit Type 15,2.0,1.0,975.0
1905,2026-04-27,2027-01-26,,,,2285.0,,,Pending,9 month,No,270.0,False,522,T0256,0.0,0.0,True,True,3.0,,,,,15.0,0.0,0.0,Unit Type 15,2.0,1.0,975.0
1905,2026-04-27,2027-07-26,,,,1785.0,,,Pending,15 month,No,450.0,False,523,T0256,0.0,0.0,True,True,3.0,,,,,15.0,0.0,0.0,Unit Type 15,2.0,1.0,975.0
1905,2026-04-27,2027-10-26,,,,1785.0,,,Pending,18 month,No,540.0,False,524,T0256,0.0,0.0,True,True,3.0,,,,,15.0,0.0,0.0,Unit Type 15,2.0,1.0,975.0
2007,2026-04-27,2027-04-26,2025-05-01,2026-04-26,1490.0,1490.0,0.0,0.0,Did Not Renew,12 month,No,360.0,False,525,T0051,7.3,2.0,True,True,3.0,,,,,13.0,0.0,0.0,Unit Type 5,1.0,1.0,620.0
2007,2026-04-27,2027-01-26,2025-05-01,2026-04-26,1490.0,1715.0,15.1,225.0,Did Not Renew,9 month,No,270.0,False,526,T0051,7.3,2.0,True,True,3.0,,,,,13.0,0.0,0.0,Unit Type 5,1.0,1.0,620.0
2007,2026-04-27,2027-07-26,2025-05-01,2026-04-26,1490.0,1340.0,-10.07,-150.0,Renewed,15 month,No,450.0,False,527,T0051,7.3,2.0,True,True,3.0,,,,,13.0,0.0,0.0,Unit Type 5,1.0,1.0,620.0
2007,2026-04-27,2027-10-26,2025-05-01,2026-04-26,1490.0,1340.0,-10.07,-150.0,Did Not Renew,18 month,No,540.0,False,528,T0051,7.3,2.0,True,True,3.0,,,,,13.0,0.0,0.0,Unit Type 5,1.0,1.0,620.0
2501,2026-04-27,2027-04-26,2025-04-23,2026-04-26,1500.0,1500.0,0.0,0.0,Renewed,12 month,No,360.0,False,529,T0257,10.59,1.0,True,False,4.0,4.0,0.6666666666666666,0.6666666666666666,3.0,29.0,0.0,0.0,Unit Type 1,1.0,1.0,580.0
2501,2026-04-27,2027-01-26,2025-04-23,2026-04-26,1500.0,1725.0,15.0,225.0,Did Not Renew,9 month,No,270.0,False,530,T0257,10.59,1.0,True,False,4.0,4.0,0.6666666666666666,0.6666666666666666,3.0,29.0,0.0,0.0,Unit Type 1,1.0,1.0,580.0
2501,2026-04-27,2027-07-26,2025-04-23,2026-04-26,1500.0,1350.0,-10.0,-150.0,Did Not Renew,15 month,No,450.0,False,531,T0257,10.59,1.0,True,False,4.0,4.0,0.6666666666666666,0.6666666666666666,3.0,29.0,0.0,0.0,Unit Type 1,1.0,1.0,580.0
2501,2026-04-27,2027-10-26,2025-04-23,2026-04-26,1500.0,1350.0,-10.0,-150.0,Did Not Renew,18 month,No,540.0,False,532,T0257,10.59,1.0,True,False,4.0,4.0,0.6666666666666666,0.6666666666666666,3.0,29.0,0.0,0.0,Unit Type 1,1.0,1.0,580.0
1112,2026-04-27,2027-04-26,,,,1930.0,,,Pending,12 month,No,360.0,False,533,T0182,,,True,True,3.0,,,,,20.0,0.0,0.0,Unit Type 17,2.0,2.0,1020.0
1112,2026-04-27,2027-01-26,,,,2220.0,,,Pending,9 month,No,270.0,False,534,T0182,,,True,True,3.0,,,,,20.0,0.0,0.0,Unit Type 17,2.0,2.0,1020.0
1112,2026-04-27,2027-07-26,,,,1735.0,,,Pending,15 month,No,450.0,False,535,T0182,,,True,True,3.0,,,,,20.0,0.0,0.0,Unit Type 17,2.0,2.0,1020.0
1112,2026-04-27,2027-10-26,,,,1735.0,,,Pending,18 month,No,540.0,False,536,T0182,,,True,True,3.0,,,,,20.0,0.0,0.0,Unit Type 17,2.0,2.0,1020.0
1114,2026-04-27,2027-04-26,,,,1630.0,,,Did Not Renew,12 month,No,360.0,False,537,T0258,100.0,7.0,True,True,3.0,2.0,0.0,0.0,1.0,21.0,0.0,0.0,Unit Type 4,1.0,1.0,610.0
1114,2026-04-27,2027-01-26,,,,1875.0,,,Did Not Renew,9 month,No,270.0,False,538,T0258,100.0,7.0,True,True,3.0,2.0,0.0,0.0,1.0,21.0,0.0,0.0,Unit Type 4,1.0,1.0,610.0
1114,2026-04-27,2027-07-26,,,,1465.0,,,Did Not Renew,15 month,No,450.0,False,539,T0258,100.0,7.0,True,True,3.0,2.0,0.0,0.0,1.0,21.0,0.0,0.0,Unit Type 4,1.0,1.0,610.0
1114,2026-04-27,2027-10-26,,,,1465.0,,,Did Not Renew,18 month,No,540.0,False,540,T0258,100.0,7.0,True,True,3.0,2.0,0.0,0.0,1.0,21.0,0.0,0.0,Unit Type 4,1.0,1.0,610.0
1120,2026-04-27,2027-04-26,,,,1425.0,,,Pending,12 month,No,360.0,False,541,T0214,,,False,False,3.0,,,,,8.0,0.0,0.0,Unit Type 3,1.0,1.0,595.0
1120,2026-04-27,2027-01-26,,,,1640.0,,,Pending,9 month,No,270.0,False,542,T0214,,,False,False,3.0,,,,,8.0,0.0,0.0,Unit Type 3,1.0,1.0,595.0
1120,2026-04-27,2027-07-26,,,,1285.0,,,Pending,15 month,No,450.0,False,543,T0214,,,False,False,3.0,,,,,8.0,0.0,0.0,Unit Type 3,1.0,1.0,595.0
1120,2026-04-27,2027-10-26,,,,1285.0,,,Pending,18 month,No,540.0,False,544,T0214,,,False,False,3.0,,,,,8.0,0.0,0.0,Unit Type 3,1.0,1.0,595.0
